received_at,ticker,target_pos,signal_price,order_action,order_comment,order_contracts,order_id,tv_timestamp,decision,raw_payload
2026-06-23T23:30:15+08:00,MXF1!,-1,46277,sell,S_Cmd,1,Short_Cmd,2026-06-23T15:30:00Z,EXECUTED:success,"{""ticker"": ""MXF1!"", ""target_pos"": -1, ""signal_price"": 46277, ""order_id"": ""Short_Cmd"", ""order_action"": ""sell"", ""order_comment"": ""S_Cmd"", ""order_contracts"": 1, ""timestamp"": ""2026-06-23T15:30:00Z""}"
2026-06-23T23:55:04+08:00,MXF1!,0,46451,buy,S_Cmd_Fast,1,Close entry(s) order Short_Cmd,2026-06-23T15:55:00Z,EXECUTED:success,"{""ticker"": ""MXF1!"", ""target_pos"": 0, ""signal_price"": 46451, ""order_id"": ""Close entry(s) order Short_Cmd"", ""order_action"": ""buy"", ""order_comment"": ""S_Cmd_Fast"", ""order_contracts"": 1, ""timestamp"": ""2026-06-23T15:55:00Z""}"
2026-06-24T10:50:04+08:00,MXF1!,-1,46141,sell,S_Cmd,1,Short_Cmd,2026-06-24T02:50:00Z,EXECUTED:success,"{""ticker"": ""MXF1!"", ""target_pos"": -1, ""signal_price"": 46141, ""order_id"": ""Short_Cmd"", ""order_action"": ""sell"", ""order_comment"": ""S_Cmd"", ""order_contracts"": 1, ""timestamp"": ""2026-06-24T02:50:00Z""}"
2026-06-24T12:40:03+08:00,MXF1!,0,46426,buy,S_Cmd_Fast,1,Close entry(s) order Short_Cmd,2026-06-24T04:40:00Z,EXECUTED:success,"{""ticker"": ""MXF1!"", ""target_pos"": 0, ""signal_price"": 46426, ""order_id"": ""Close entry(s) order Short_Cmd"", ""order_action"": ""buy"", ""order_comment"": ""S_Cmd_Fast"", ""order_contracts"": 1, ""timestamp"": ""2026-06-24T04:40:00Z""}"
2026-06-24T13:20:03+08:00,MXF1!,1,46608,buy,L_Cmd,1,Long_Cmd,2026-06-24T05:20:00Z,EXECUTED:success,"{""ticker"": ""MXF1!"", ""target_pos"": 1, ""signal_price"": 46608, ""order_id"": ""Long_Cmd"", ""order_action"": ""buy"", ""order_comment"": ""L_Cmd"", ""order_contracts"": 1, ""timestamp"": ""2026-06-24T05:20:00Z""}"
2026-06-24T13:30:01+08:00,MXF1!,0,46369,sell,Trend Rev,1,Close position order,2026-06-24T05:30:00Z,EXECUTED:success,"{""ticker"": ""MXF1!"", ""target_pos"": 0, ""signal_price"": 46369, ""order_id"": ""Close position order"", ""order_action"": ""sell"", ""order_comment"": ""Trend Rev"", ""order_contracts"": 1, ""timestamp"": ""2026-06-24T05:30:00Z""}"
2026-06-25T00:40:09+08:00,MXF1!,-1,45675,sell,S_Cmd,1,Short_Cmd,2026-06-24T16:40:00Z,EXECUTED:success,"{""ticker"": ""MXF1!"", ""target_pos"": -1, ""signal_price"": 45675, ""order_id"": ""Short_Cmd"", ""order_action"": ""sell"", ""order_comment"": ""S_Cmd"", ""order_contracts"": 1, ""timestamp"": ""2026-06-24T16:40:00Z""}"
2026-06-25T01:20:31+08:00,MXF1!,0,45398,buy,S_Exit,1,S_Exit,2026-06-24T17:20:00Z,EXECUTED:success,"{""ticker"": ""MXF1!"", ""target_pos"": 0, ""signal_price"": 45398, ""order_id"": ""S_Exit"", ""order_action"": ""buy"", ""order_comment"": ""S_Exit"", ""order_contracts"": 1, ""timestamp"": ""2026-06-24T17:20:00Z""}"
2026-06-26T03:15:14+08:00,MXF1!,-1,45555,sell,S_Cmd,1,Short_Cmd,2026-06-25T19:15:00Z,EXECUTED:success,"{""ticker"": ""MXF1!"", ""target_pos"": -1, ""signal_price"": 45555, ""order_id"": ""Short_Cmd"", ""order_action"": ""sell"", ""order_comment"": ""S_Cmd"", ""order_contracts"": 1, ""timestamp"": ""2026-06-25T19:15:00Z""}"
2026-06-26T04:00:30+08:00,MXF1!,0,45730,buy,S_Cmd_Fast,1,Close entry(s) order Short_Cmd,2026-06-25T20:00:00Z,EXECUTED:success,"{""ticker"": ""MXF1!"", ""target_pos"": 0, ""signal_price"": 45730, ""order_id"": ""Close entry(s) order Short_Cmd"", ""order_action"": ""buy"", ""order_comment"": ""S_Cmd_Fast"", ""order_contracts"": 1, ""timestamp"": ""2026-06-25T20:00:00Z""}"
2026-06-26T09:50:04+08:00,MXF1!,-1,45270,sell,S_Cmd,1,Short_Cmd,2026-06-26T01:50:00Z,EXECUTED:success,"{""ticker"": ""MXF1!"", ""target_pos"": -1, ""signal_price"": 45270, ""order_id"": ""Short_Cmd"", ""order_action"": ""sell"", ""order_comment"": ""S_Cmd"", ""order_contracts"": 1, ""timestamp"": ""2026-06-26T01:50:00Z""}"
2026-06-26T10:45:04+08:00,MXF1!,-2,45081,sell,S_Add,1,Short_Add,2026-06-26T02:45:00Z,EXECUTED:success,"{""ticker"": ""MXF1!"", ""target_pos"": -2, ""signal_price"": 45081, ""order_id"": ""Short_Add"", ""order_action"": ""sell"", ""order_comment"": ""S_Add"", ""order_contracts"": 1, ""timestamp"": ""2026-06-26T02:45:00Z""}"
2026-06-26T10:50:05+08:00,MXF1!,-3,45022,sell,S_Add,1,Short_Add,2026-06-26T02:50:00Z,EXECUTED:success,"{""ticker"": ""MXF1!"", ""target_pos"": -3, ""signal_price"": 45022, ""order_id"": ""Short_Add"", ""order_action"": ""sell"", ""order_comment"": ""S_Add"", ""order_contracts"": 1, ""timestamp"": ""2026-06-26T02:50:00Z""}"
2026-06-26T11:05:03+08:00,MXF1!,-4,44862,sell,S_G_進,1,Short_G,2026-06-26T03:05:00Z,EXECUTED:success,"{""ticker"": ""MXF1!"", ""target_pos"": -4, ""signal_price"": 44862, ""order_id"": ""Short_G"", ""order_action"": ""sell"", ""order_comment"": ""S_G_進"", ""order_contracts"": 1, ""timestamp"": ""2026-06-26T03:05:00Z""}"
2026-06-26T11:06:14+08:00,MXF1!,-3,44818,buy,S_Exit,1,S_Exit,2026-06-26T03:05:00Z,EXECUTED:success,"{""ticker"": ""MXF1!"", ""target_pos"": -3, ""signal_price"": 44818, ""order_id"": ""S_Exit"", ""order_action"": ""buy"", ""order_comment"": ""S_Exit"", ""order_contracts"": 1, ""timestamp"": ""2026-06-26T03:05:00Z""}"
2026-06-26T11:06:42+08:00,MXF1!,-2,44771,buy,S_Exit_G,1,S_Exit_G,2026-06-26T03:05:00Z,EXECUTED:success,"{""ticker"": ""MXF1!"", ""target_pos"": -2, ""signal_price"": 44771, ""order_id"": ""S_Exit_G"", ""order_action"": ""buy"", ""order_comment"": ""S_Exit_G"", ""order_contracts"": 1, ""timestamp"": ""2026-06-26T03:05:00Z""}"
2026-06-26T11:09:57+08:00,MXF1!,-1,44649,buy,S_Exit_Add,1,S_Exit_Add,2026-06-26T03:05:00Z,EXECUTED:success,"{""ticker"": ""MXF1!"", ""target_pos"": -1, ""signal_price"": 44649, ""order_id"": ""S_Exit_Add"", ""order_action"": ""buy"", ""order_comment"": ""S_Exit_Add"", ""order_contracts"": 1, ""timestamp"": ""2026-06-26T03:05:00Z""}"
2026-06-26T11:10:03+08:00,MXF1!,-2,44660,sell,S_Add,1,Short_Add,2026-06-26T03:10:00Z,EXECUTED:success,"{""ticker"": ""MXF1!"", ""target_pos"": -2, ""signal_price"": 44660, ""order_id"": ""Short_Add"", ""order_action"": ""sell"", ""order_comment"": ""S_Add"", ""order_contracts"": 1, ""timestamp"": ""2026-06-26T03:10:00Z""}"
2026-06-26T11:12:40+08:00,MXF1!,-1,44592,buy,S_Exit_Add,1,S_Exit_Add,2026-06-26T03:10:00Z,EXECUTED:success,"{""ticker"": ""MXF1!"", ""target_pos"": -1, ""signal_price"": 44592, ""order_id"": ""S_Exit_Add"", ""order_action"": ""buy"", ""order_comment"": ""S_Exit_Add"", ""order_contracts"": 1, ""timestamp"": ""2026-06-26T03:10:00Z""}"
2026-06-26T13:45:00+08:00,MXF1!,-2,44411,sell,S_Add,1,Short_Add,2026-06-26T05:45:00Z,REJECT_MARKET_CLOSED,"{""ticker"": ""MXF1!"", ""target_pos"": -2, ""signal_price"": 44411, ""order_id"": ""Short_Add"", ""order_action"": ""sell"", ""order_comment"": ""S_Add"", ""order_contracts"": 1, ""timestamp"": ""2026-06-26T05:45:00Z""}"
2026-06-26T16:55:13+08:00,MXF1!,-1,44205,buy,S_Exit_Add,1,S_Exit_Add,2026-06-26T08:55:00Z,EXECUTED:success,"{""ticker"": ""MXF1!"", ""target_pos"": -1, ""signal_price"": 44205, ""order_id"": ""S_Exit_Add"", ""order_action"": ""buy"", ""order_comment"": ""S_Exit_Add"", ""order_contracts"": 1, ""timestamp"": ""2026-06-26T08:55:00Z""}"
2026-06-26T22:05:15+08:00,MXF1!,0,44747,buy,Trend Rev,1,Close position order,2026-06-26T14:05:00Z,EXECUTED:success,"{""ticker"": ""MXF1!"", ""target_pos"": 0, ""signal_price"": 44747, ""order_id"": ""Close position order"", ""order_action"": ""buy"", ""order_comment"": ""Trend Rev"", ""order_contracts"": 1, ""timestamp"": ""2026-06-26T14:05:00Z""}"
2026-06-29T08:50:04+08:00,MXF1!,-1,44550,sell,S_Cmd,1,Short_Cmd,2026-06-29T00:50:00Z,EXECUTED:success,"{""ticker"": ""MXF1!"", ""target_pos"": -1, ""signal_price"": 44550, ""order_id"": ""Short_Cmd"", ""order_action"": ""sell"", ""order_comment"": ""S_Cmd"", ""order_contracts"": 1, ""timestamp"": ""2026-06-29T00:50:00Z""}"
2026-06-29T08:56:11+08:00,MXF1!,0,44853,buy,S_Exit,1,S_Exit,2026-06-29T00:55:00Z,EXECUTED:success,"{""ticker"": ""MXF1!"", ""target_pos"": 0, ""signal_price"": 44853, ""order_id"": ""S_Exit"", ""order_action"": ""buy"", ""order_comment"": ""S_Exit"", ""order_contracts"": 1, ""timestamp"": ""2026-06-29T00:55:00Z""}"
2026-06-29T11:45:05+08:00,MXF1!,-1,45063,sell,S_Cmd,1,Short_Cmd,2026-06-29T03:45:00Z,EXECUTED:success,"{""ticker"": ""MXF1!"", ""target_pos"": -1, ""signal_price"": 45063, ""order_id"": ""Short_Cmd"", ""order_action"": ""sell"", ""order_comment"": ""S_Cmd"", ""order_contracts"": 1, ""timestamp"": ""2026-06-29T03:45:00Z""}"
2026-06-29T11:50:03+08:00,MXF1!,0,45176,buy,Trend Rev,1,Close position order,2026-06-29T03:50:00Z,EXECUTED:success,"{""ticker"": ""MXF1!"", ""target_pos"": 0, ""signal_price"": 45176, ""order_id"": ""Close position order"", ""order_action"": ""buy"", ""order_comment"": ""Trend Rev"", ""order_contracts"": 1, ""timestamp"": ""2026-06-29T03:50:00Z""}"
2026-06-29T21:45:14+08:00,MXF1!,1,45950,buy,L_Cmd,1,Long_Cmd,2026-06-29T13:45:00Z,EXECUTED:success,"{""ticker"": ""MXF1!"", ""target_pos"": 1, ""signal_price"": 45950, ""order_id"": ""Long_Cmd"", ""order_action"": ""buy"", ""order_comment"": ""L_Cmd"", ""order_contracts"": 1, ""timestamp"": ""2026-06-29T13:45:00Z""}"
2026-06-29T21:56:27+08:00,MXF1!,0,45708,sell,L_Exit,1,L_Exit,2026-06-29T13:55:00Z,EXECUTED:success,"{""ticker"": ""MXF1!"", ""target_pos"": 0, ""signal_price"": 45708, ""order_id"": ""L_Exit"", ""order_action"": ""sell"", ""order_comment"": ""L_Exit"", ""order_contracts"": 1, ""timestamp"": ""2026-06-29T13:55:00Z""}"
2026-06-30T00:15:11+08:00,MXF1!,1,46214,buy,L_Cmd,1,Long_Cmd,2026-06-29T16:15:00Z,EXECUTED:success,"{""ticker"": ""MXF1!"", ""target_pos"": 1, ""signal_price"": 46214, ""order_id"": ""Long_Cmd"", ""order_action"": ""buy"", ""order_comment"": ""L_Cmd"", ""order_contracts"": 1, ""timestamp"": ""2026-06-29T16:15:00Z""}"
2026-06-30T01:00:09+08:00,MXF1!,2,46366,buy,L_Add,1,Long_Add,2026-06-29T17:00:00Z,EXECUTED:success,"{""ticker"": ""MXF1!"", ""target_pos"": 2, ""signal_price"": 46366, ""order_id"": ""Long_Add"", ""order_action"": ""buy"", ""order_comment"": ""L_Add"", ""order_contracts"": 1, ""timestamp"": ""2026-06-29T17:00:00Z""}"
2026-06-30T08:45:13+08:00,MXF1!,1,45908,sell,L_Exit_Add,1,L_Exit_Add,2026-06-30T00:45:00Z,EXECUTED:success,"{""ticker"": ""MXF1!"", ""target_pos"": 1, ""signal_price"": 45908, ""order_id"": ""L_Exit_Add"", ""order_action"": ""sell"", ""order_comment"": ""L_Exit_Add"", ""order_contracts"": 1, ""timestamp"": ""2026-06-30T00:45:00Z""}"
2026-06-30T08:50:03+08:00,MXF1!,0,46125,sell,L_Cmd_Fast,1,Close entry(s) order Long_Cmd,2026-06-30T00:50:00Z,EXECUTED:success,"{""ticker"": ""MXF1!"", ""target_pos"": 0, ""signal_price"": 46125, ""order_id"": ""Close entry(s) order Long_Cmd"", ""order_action"": ""sell"", ""order_comment"": ""L_Cmd_Fast"", ""order_contracts"": 1, ""timestamp"": ""2026-06-30T00:50:00Z""}"
2026-06-30T09:20:04+08:00,MXF1!,1,46542,buy,L_Cmd,1,Long_Cmd,2026-06-30T01:20:00Z,EXECUTED:success,"{""ticker"": ""MXF1!"", ""target_pos"": 1, ""signal_price"": 46542, ""order_id"": ""Long_Cmd"", ""order_action"": ""buy"", ""order_comment"": ""L_Cmd"", ""order_contracts"": 1, ""timestamp"": ""2026-06-30T01:20:00Z""}"
2026-06-30T10:15:03+08:00,MXF1!,0,46343,sell,L_Cmd_Fast,1,Close entry(s) order Long_Cmd,2026-06-30T02:15:00Z,EXECUTED:success,"{""ticker"": ""MXF1!"", ""target_pos"": 0, ""signal_price"": 46343, ""order_id"": ""Close entry(s) order Long_Cmd"", ""order_action"": ""sell"", ""order_comment"": ""L_Cmd_Fast"", ""order_contracts"": 1, ""timestamp"": ""2026-06-30T02:15:00Z""}"
2026-06-30T21:55:10+08:00,MXF1!,1,47024,buy,L_Cmd,1,Long_Cmd,2026-06-30T13:55:00Z,EXECUTED:success,"{""ticker"": ""MXF1!"", ""target_pos"": 1, ""signal_price"": 47024, ""order_id"": ""Long_Cmd"", ""order_action"": ""buy"", ""order_comment"": ""L_Cmd"", ""order_contracts"": 1, ""timestamp"": ""2026-06-30T13:55:00Z""}"
2026-06-30T22:05:06+08:00,MXF1!,2,47180,buy,L_Add,1,Long_Add,2026-06-30T14:05:00Z,EXECUTED:success,"{""ticker"": ""MXF1!"", ""target_pos"": 2, ""signal_price"": 47180, ""order_id"": ""Long_Add"", ""order_action"": ""buy"", ""order_comment"": ""L_Add"", ""order_contracts"": 1, ""timestamp"": ""2026-06-30T14:05:00Z""}"
2026-06-30T22:20:06+08:00,MXF1!,3,47259,buy,L_Add,1,Long_Add,2026-06-30T14:20:00Z,EXECUTED:success,"{""ticker"": ""MXF1!"", ""target_pos"": 3, ""signal_price"": 47259, ""order_id"": ""Long_Add"", ""order_action"": ""buy"", ""order_comment"": ""L_Add"", ""order_contracts"": 1, ""timestamp"": ""2026-06-30T14:20:00Z""}"
2026-06-30T22:25:05+08:00,MXF1!,4,47290,buy,L_G_進,1,Long_G,2026-06-30T14:25:00Z,EXECUTED:success,"{""ticker"": ""MXF1!"", ""target_pos"": 4, ""signal_price"": 47290, ""order_id"": ""Long_G"", ""order_action"": ""buy"", ""order_comment"": ""L_G_進"", ""order_contracts"": 1, ""timestamp"": ""2026-06-30T14:25:00Z""}"
2026-07-01T00:48:50+08:00,MXF1!,3,47418,sell,L_Exit_G,1,L_Exit_G,2026-06-30T16:45:00Z,EXECUTED:success,"{""ticker"": ""MXF1!"", ""target_pos"": 3, ""signal_price"": 47418, ""order_id"": ""L_Exit_G"", ""order_action"": ""sell"", ""order_comment"": ""L_Exit_G"", ""order_contracts"": 1, ""timestamp"": ""2026-06-30T16:45:00Z""}"
2026-07-01T00:49:09+08:00,MXF1!,2,47420,sell,L_Exit,1,L_Exit,2026-06-30T16:45:00Z,EXECUTED:success,"{""ticker"": ""MXF1!"", ""target_pos"": 2, ""signal_price"": 47420, ""order_id"": ""L_Exit"", ""order_action"": ""sell"", ""order_comment"": ""L_Exit"", ""order_contracts"": 1, ""timestamp"": ""2026-06-30T16:45:00Z""}"
2026-07-01T00:50:01+08:00,MXF1!,2,47430,sell,L_Exit_Add,1,L_Exit_Add,2026-06-30T16:50:00Z,EXECUTED:success,"{""ticker"": ""MXF1!"", ""target_pos"": 2, ""signal_price"": 47430, ""order_id"": ""L_Exit_Add"", ""order_action"": ""sell"", ""order_comment"": ""L_Exit_Add"", ""order_contracts"": 1, ""timestamp"": ""2026-06-30T16:50:00Z""}"
2026-07-01T00:50:04+08:00,MXF1!,3,47430,buy,L_Add,1,Long_Add,2026-06-30T16:50:00Z,EXECUTED:success,"{""ticker"": ""MXF1!"", ""target_pos"": 3, ""signal_price"": 47430, ""order_id"": ""Long_Add"", ""order_action"": ""buy"", ""order_comment"": ""L_Add"", ""order_contracts"": 1, ""timestamp"": ""2026-06-30T16:50:00Z""}"
2026-07-01T02:21:26+08:00,MXF1!,1,47472,sell,L_Exit_Add,1,L_Exit_Add,2026-06-30T18:20:00Z,EXECUTED:success,"{""ticker"": ""MXF1!"", ""target_pos"": 1, ""signal_price"": 47472, ""order_id"": ""L_Exit_Add"", ""order_action"": ""sell"", ""order_comment"": ""L_Exit_Add"", ""order_contracts"": 1, ""timestamp"": ""2026-06-30T18:20:00Z""}"
2026-07-01T08:50:05+08:00,MXF1!,2,47546,buy,L_Add,1,Long_Add,2026-07-01T00:50:00Z,EXECUTED:success,"{""ticker"": ""MXF1!"", ""target_pos"": 2, ""signal_price"": 47546, ""order_id"": ""Long_Add"", ""order_action"": ""buy"", ""order_comment"": ""L_Add"", ""order_contracts"": 1, ""timestamp"": ""2026-07-01T00:50:00Z""}"
2026-07-01T08:51:09+08:00,MXF1!,1,47578,sell,L_Exit_Add,1,L_Exit_Add,2026-07-01T00:50:00Z,EXECUTED:success,"{""ticker"": ""MXF1!"", ""target_pos"": 1, ""signal_price"": 47578, ""order_id"": ""L_Exit_Add"", ""order_action"": ""sell"", ""order_comment"": ""L_Exit_Add"", ""order_contracts"": 1, ""timestamp"": ""2026-07-01T00:50:00Z""}"
2026-07-01T09:08:23+08:00,MXF1!,0,47336,sell,L_Exit_Add,1,L_Exit_Add,2026-07-01T01:05:00Z,EXECUTED:success,"{""ticker"": ""MXF1!"", ""target_pos"": 0, ""signal_price"": 47336, ""order_id"": ""L_Exit_Add"", ""order_action"": ""sell"", ""order_comment"": ""L_Exit_Add"", ""order_contracts"": 1, ""timestamp"": ""2026-07-01T01:05:00Z""}"
2026-07-02T08:50:04+08:00,MXF1!,-1,46028,sell,S_Cmd,1,Short_Cmd,2026-07-02T00:50:00Z,EXECUTED:success,"{""ticker"": ""MXF1!"", ""target_pos"": -1, ""signal_price"": 46028, ""order_id"": ""Short_Cmd"", ""order_action"": ""sell"", ""order_comment"": ""S_Cmd"", ""order_contracts"": 1, ""timestamp"": ""2026-07-02T00:50:00Z""}"
2026-07-02T09:01:07+08:00,MXF1!,0,46224,buy,S_Exit,1,S_Exit,2026-07-02T01:00:00Z,EXECUTED:success,"{""ticker"": ""MXF1!"", ""target_pos"": 0, ""signal_price"": 46224, ""order_id"": ""S_Exit"", ""order_action"": ""buy"", ""order_comment"": ""S_Exit"", ""order_contracts"": 1, ""timestamp"": ""2026-07-02T01:00:00Z""}"
2026-07-02T09:55:03+08:00,MXF1!,1,46774,buy,L_Cmd,1,Long_Cmd,2026-07-02T01:55:00Z,EXECUTED:success,"{""ticker"": ""MXF1!"", ""target_pos"": 1, ""signal_price"": 46774, ""order_id"": ""Long_Cmd"", ""order_action"": ""buy"", ""order_comment"": ""L_Cmd"", ""order_contracts"": 1, ""timestamp"": ""2026-07-02T01:55:00Z""}"
2026-07-02T11:25:03+08:00,MXF1!,0,46616,sell,Trend Rev,1,Close position order,2026-07-02T03:25:00Z,EXECUTED:success,"{""ticker"": ""MXF1!"", ""target_pos"": 0, ""signal_price"": 46616, ""order_id"": ""Close position order"", ""order_action"": ""sell"", ""order_comment"": ""Trend Rev"", ""order_contracts"": 1, ""timestamp"": ""2026-07-02T03:25:00Z""}"
2026-07-02T21:50:09+08:00,MXF1!,1,47085,buy,L_Cmd,1,Long_Cmd,2026-07-02T13:50:00Z,EXECUTED:success,"{""ticker"": ""MXF1!"", ""target_pos"": 1, ""signal_price"": 47085, ""order_id"": ""Long_Cmd"", ""order_action"": ""buy"", ""order_comment"": ""L_Cmd"", ""order_contracts"": 1, ""timestamp"": ""2026-07-02T13:50:00Z""}"
2026-07-02T22:27:29+08:00,MXF1!,0,46704,sell,L_Exit,1,L_Exit,2026-07-02T14:25:00Z,EXECUTED:success,"{""ticker"": ""MXF1!"", ""target_pos"": 0, ""signal_price"": 46704, ""order_id"": ""L_Exit"", ""order_action"": ""sell"", ""order_comment"": ""L_Exit"", ""order_contracts"": 1, ""timestamp"": ""2026-07-02T14:25:00Z""}"
2026-07-02T23:20:06+08:00,MXF1!,-1,46218,sell,S_Cmd,1,Short_Cmd,2026-07-02T15:20:00Z,EXECUTED:success,"{""ticker"": ""MXF1!"", ""target_pos"": -1, ""signal_price"": 46218, ""order_id"": ""Short_Cmd"", ""order_action"": ""sell"", ""order_comment"": ""S_Cmd"", ""order_contracts"": 1, ""timestamp"": ""2026-07-02T15:20:00Z""}"
2026-07-03T00:25:11+08:00,MXF1!,-2,46016,sell,S_Add,1,Short_Add,2026-07-02T16:25:00Z,EXECUTED:success,"{""ticker"": ""MXF1!"", ""target_pos"": -2, ""signal_price"": 46016, ""order_id"": ""Short_Add"", ""order_action"": ""sell"", ""order_comment"": ""S_Add"", ""order_contracts"": 1, ""timestamp"": ""2026-07-02T16:25:00Z""}"
2026-07-03T00:30:05+08:00,MXF1!,-3,45904,sell,S_Add,1,Short_Add,2026-07-02T16:30:00Z,EXECUTED:success,"{""ticker"": ""MXF1!"", ""target_pos"": -3, ""signal_price"": 45904, ""order_id"": ""Short_Add"", ""order_action"": ""sell"", ""order_comment"": ""S_Add"", ""order_contracts"": 1, ""timestamp"": ""2026-07-02T16:30:00Z""}"
2026-07-03T00:35:05+08:00,MXF1!,-4,45825,sell,S_G_進,1,Short_G,2026-07-02T16:35:00Z,EXECUTED:success,"{""ticker"": ""MXF1!"", ""target_pos"": -4, ""signal_price"": 45825, ""order_id"": ""Short_G"", ""order_action"": ""sell"", ""order_comment"": ""S_G_進"", ""order_contracts"": 1, ""timestamp"": ""2026-07-02T16:35:00Z""}"
2026-07-03T00:50:11+08:00,MXF1!,-3,45659,buy,S_Exit,1,S_Exit,2026-07-02T16:50:00Z,EXECUTED:success,"{""ticker"": ""MXF1!"", ""target_pos"": -3, ""signal_price"": 45659, ""order_id"": ""S_Exit"", ""order_action"": ""buy"", ""order_comment"": ""S_Exit"", ""order_contracts"": 1, ""timestamp"": ""2026-07-02T16:50:00Z""}"
2026-07-03T00:55:05+08:00,MXF1!,-4,45698,sell,S_G_進,1,Short_G,2026-07-02T16:55:00Z,EXECUTED:success,"{""ticker"": ""MXF1!"", ""target_pos"": -4, ""signal_price"": 45698, ""order_id"": ""Short_G"", ""order_action"": ""sell"", ""order_comment"": ""S_G_進"", ""order_contracts"": 1, ""timestamp"": ""2026-07-02T16:55:00Z""}"
2026-07-03T00:56:07+08:00,MXF1!,-3,45572,buy,S_Exit_G,1,S_Exit_G,2026-07-02T16:55:00Z,EXECUTED:success,"{""ticker"": ""MXF1!"", ""target_pos"": -3, ""signal_price"": 45572, ""order_id"": ""S_Exit_G"", ""order_action"": ""buy"", ""order_comment"": ""S_Exit_G"", ""order_contracts"": 1, ""timestamp"": ""2026-07-02T16:55:00Z""}"
2026-07-03T01:01:28+08:00,MXF1!,-2,45527,buy,S_Exit_Add,1,S_Exit_Add,2026-07-02T17:00:00Z,EXECUTED:success,"{""ticker"": ""MXF1!"", ""target_pos"": -2, ""signal_price"": 45527, ""order_id"": ""S_Exit_Add"", ""order_action"": ""buy"", ""order_comment"": ""S_Exit_Add"", ""order_contracts"": 1, ""timestamp"": ""2026-07-02T17:00:00Z""}"
2026-07-03T01:38:44+08:00,MXF1!,-1,45474,buy,S_Exit_G,1,S_Exit_G,2026-07-02T17:35:00Z,EXECUTED:success,"{""ticker"": ""MXF1!"", ""target_pos"": -1, ""signal_price"": 45474, ""order_id"": ""S_Exit_G"", ""order_action"": ""buy"", ""order_comment"": ""S_Exit_G"", ""order_contracts"": 1, ""timestamp"": ""2026-07-02T17:35:00Z""}"
2026-07-03T01:40:34+08:00,MXF1!,0,45444,buy,S_Exit_Add,1,S_Exit_Add,2026-07-02T17:40:00Z,EXECUTED:success,"{""ticker"": ""MXF1!"", ""target_pos"": 0, ""signal_price"": 45444, ""order_id"": ""S_Exit_Add"", ""order_action"": ""buy"", ""order_comment"": ""S_Exit_Add"", ""order_contracts"": 1, ""timestamp"": ""2026-07-02T17:40:00Z""}"
2026-07-03T09:40:04+08:00,MXF1!,1,46380,buy,L_Cmd,1,Long_Cmd,2026-07-03T01:40:00Z,EXECUTED:success,"{""ticker"": ""MXF1!"", ""target_pos"": 1, ""signal_price"": 46380, ""order_id"": ""Long_Cmd"", ""order_action"": ""buy"", ""order_comment"": ""L_Cmd"", ""order_contracts"": 1, ""timestamp"": ""2026-07-03T01:40:00Z""}"
2026-07-03T10:10:07+08:00,MXF1!,2,46539,buy,L_Add,1,Long_Add,2026-07-03T02:10:00Z,EXECUTED:success,"{""ticker"": ""MXF1!"", ""target_pos"": 2, ""signal_price"": 46539, ""order_id"": ""Long_Add"", ""order_action"": ""buy"", ""order_comment"": ""L_Add"", ""order_contracts"": 1, ""timestamp"": ""2026-07-03T02:10:00Z""}"
2026-07-03T10:30:04+08:00,MXF1!,3,46641,buy,L_Add,1,Long_Add,2026-07-03T02:30:00Z,EXECUTED:success,"{""ticker"": ""MXF1!"", ""target_pos"": 3, ""signal_price"": 46641, ""order_id"": ""Long_Add"", ""order_action"": ""buy"", ""order_comment"": ""L_Add"", ""order_contracts"": 1, ""timestamp"": ""2026-07-03T02:30:00Z""}"
2026-07-03T12:00:05+08:00,MXF1!,4,46755,buy,L_G_進,1,Long_G,2026-07-03T04:00:00Z,EXECUTED:success,"{""ticker"": ""MXF1!"", ""target_pos"": 4, ""signal_price"": 46755, ""order_id"": ""Long_G"", ""order_action"": ""buy"", ""order_comment"": ""L_G_進"", ""order_contracts"": 1, ""timestamp"": ""2026-07-03T04:00:00Z""}"
2026-07-03T12:09:17+08:00,MXF1!,3,46838,sell,L_Exit_G,1,L_Exit_G,2026-07-03T04:05:00Z,EXECUTED:success,"{""ticker"": ""MXF1!"", ""target_pos"": 3, ""signal_price"": 46838, ""order_id"": ""L_Exit_G"", ""order_action"": ""sell"", ""order_comment"": ""L_Exit_G"", ""order_contracts"": 1, ""timestamp"": ""2026-07-03T04:05:00Z""}"
2026-07-03T12:10:03+08:00,MXF1!,4,46836,buy,L_G_進,1,Long_G,2026-07-03T04:10:00Z,EXECUTED:success,"{""ticker"": ""MXF1!"", ""target_pos"": 4, ""signal_price"": 46836, ""order_id"": ""Long_G"", ""order_action"": ""buy"", ""order_comment"": ""L_G_進"", ""order_contracts"": 1, ""timestamp"": ""2026-07-03T04:10:00Z""}"
2026-07-03T12:15:24+08:00,MXF1!,3,46922,sell,L_Exit_G,1,L_Exit_G,2026-07-03T04:15:00Z,EXECUTED:success,"{""ticker"": ""MXF1!"", ""target_pos"": 3, ""signal_price"": 46922, ""order_id"": ""L_Exit_G"", ""order_action"": ""sell"", ""order_comment"": ""L_Exit_G"", ""order_contracts"": 1, ""timestamp"": ""2026-07-03T04:15:00Z""}"
2026-07-03T12:20:03+08:00,MXF1!,4,46943,buy,L_G_進,1,Long_G,2026-07-03T04:20:00Z,EXECUTED:success,"{""ticker"": ""MXF1!"", ""target_pos"": 4, ""signal_price"": 46943, ""order_id"": ""Long_G"", ""order_action"": ""buy"", ""order_comment"": ""L_G_進"", ""order_contracts"": 1, ""timestamp"": ""2026-07-03T04:20:00Z""}"
2026-07-03T12:43:29+08:00,MXF1!,1,47025,sell,L_Exit_G,1,L_Exit_G,2026-07-03T04:40:00Z,EXECUTED:success,"{""ticker"": ""MXF1!"", ""target_pos"": 1, ""signal_price"": 47025, ""order_id"": ""L_Exit_G"", ""order_action"": ""sell"", ""order_comment"": ""L_Exit_G"", ""order_contracts"": 1, ""timestamp"": ""2026-07-03T04:40:00Z""}"
2026-07-03T12:43:32+08:00,MXF1!,3,47025,sell,L_Exit,1,L_Exit,2026-07-03T04:40:00Z,EXECUTED:success,"{""ticker"": ""MXF1!"", ""target_pos"": 3, ""signal_price"": 47025, ""order_id"": ""L_Exit"", ""order_action"": ""sell"", ""order_comment"": ""L_Exit"", ""order_contracts"": 1, ""timestamp"": ""2026-07-03T04:40:00Z""}"
2026-07-03T12:43:35+08:00,MXF1!,2,47025,sell,L_Exit_Add,1,L_Exit_Add,2026-07-03T04:40:00Z,EXECUTED:success,"{""ticker"": ""MXF1!"", ""target_pos"": 2, ""signal_price"": 47025, ""order_id"": ""L_Exit_Add"", ""order_action"": ""sell"", ""order_comment"": ""L_Exit_Add"", ""order_contracts"": 1, ""timestamp"": ""2026-07-03T04:40:00Z""}"
2026-07-03T19:33:12+08:00,MXF1!,0,47166,sell,L_Exit_Add,1,L_Exit_Add,2026-07-03T11:30:00Z,EXECUTED:success,"{""ticker"": ""MXF1!"", ""target_pos"": 0, ""signal_price"": 47166, ""order_id"": ""L_Exit_Add"", ""order_action"": ""sell"", ""order_comment"": ""L_Exit_Add"", ""order_contracts"": 1, ""timestamp"": ""2026-07-03T11:30:00Z""}"
2026-07-03T22:00:14+08:00,MXF1!,1,47299,buy,L_Cmd,1,Long_Cmd,2026-07-03T14:00:00Z,EXECUTED:success,"{""ticker"": ""MXF1!"", ""target_pos"": 1, ""signal_price"": 47299, ""order_id"": ""Long_Cmd"", ""order_action"": ""buy"", ""order_comment"": ""L_Cmd"", ""order_contracts"": 1, ""timestamp"": ""2026-07-03T14:00:00Z""}"
2026-07-03T23:00:04+08:00,MXF1!,2,47390,buy,L_Add,1,Long_Add,2026-07-03T15:00:00Z,EXECUTED:success,"{""ticker"": ""MXF1!"", ""target_pos"": 2, ""signal_price"": 47390, ""order_id"": ""Long_Add"", ""order_action"": ""buy"", ""order_comment"": ""L_Add"", ""order_contracts"": 1, ""timestamp"": ""2026-07-03T15:00:00Z""}"
2026-07-03T23:15:07+08:00,MXF1!,3,47447,buy,L_Add,1,Long_Add,2026-07-03T15:15:00Z,EXECUTED:success,"{""ticker"": ""MXF1!"", ""target_pos"": 3, ""signal_price"": 47447, ""order_id"": ""Long_Add"", ""order_action"": ""buy"", ""order_comment"": ""L_Add"", ""order_contracts"": 1, ""timestamp"": ""2026-07-03T15:15:00Z""}"
2026-07-03T23:20:06+08:00,MXF1!,4,47439,buy,L_G_進,1,Long_G,2026-07-03T15:20:00Z,EXECUTED:success,"{""ticker"": ""MXF1!"", ""target_pos"": 4, ""signal_price"": 47439, ""order_id"": ""Long_G"", ""order_action"": ""buy"", ""order_comment"": ""L_G_進"", ""order_contracts"": 1, ""timestamp"": ""2026-07-03T15:20:00Z""}"
2026-07-04T01:40:08+08:00,MXF1!,3,47361,sell,L_G_Cut,1,Close entry(s) order Long_G,2026-07-03T17:40:00Z,EXECUTED:success,"{""ticker"": ""MXF1!"", ""target_pos"": 3, ""signal_price"": 47361, ""order_id"": ""Close entry(s) order Long_G"", ""order_action"": ""sell"", ""order_comment"": ""L_G_Cut"", ""order_contracts"": 1, ""timestamp"": ""2026-07-03T17:40:00Z""}"
2026-07-04T01:45:08+08:00,MXF1!,2,47296,sell,L_Cmd_Fast,1,Close entry(s) order Long_Cmd,2026-07-03T17:45:00Z,EXECUTED:success,"{""ticker"": ""MXF1!"", ""target_pos"": 2, ""signal_price"": 47296, ""order_id"": ""Close entry(s) order Long_Cmd"", ""order_action"": ""sell"", ""order_comment"": ""L_Cmd_Fast"", ""order_contracts"": 1, ""timestamp"": ""2026-07-03T17:45:00Z""}"
2026-07-04T02:02:56+08:00,MXF1!,1,47223,sell,L_Exit_Add,1,L_Exit_Add,2026-07-03T18:00:00Z,EXECUTED:success,"{""ticker"": ""MXF1!"", ""target_pos"": 1, ""signal_price"": 47223, ""order_id"": ""L_Exit_Add"", ""order_action"": ""sell"", ""order_comment"": ""L_Exit_Add"", ""order_contracts"": 1, ""timestamp"": ""2026-07-03T18:00:00Z""}"
2026-07-04T03:57:53+08:00,MXF1!,0,47167,sell,L_Exit_Add,1,L_Exit_Add,2026-07-03T19:55:00Z,EXECUTED:success,"{""ticker"": ""MXF1!"", ""target_pos"": 0, ""signal_price"": 47167, ""order_id"": ""L_Exit_Add"", ""order_action"": ""sell"", ""order_comment"": ""L_Exit_Add"", ""order_contracts"": 1, ""timestamp"": ""2026-07-03T19:55:00Z""}"
2026-07-06T08:50:04+08:00,MXF1!,1,47324,buy,L_Cmd,1,Long_Cmd,2026-07-06T00:50:00Z,EXECUTED:success,"{""ticker"": ""MXF1!"", ""target_pos"": 1, ""signal_price"": 47324, ""order_id"": ""Long_Cmd"", ""order_action"": ""buy"", ""order_comment"": ""L_Cmd"", ""order_contracts"": 1, ""timestamp"": ""2026-07-06T00:50:00Z""}"
2026-07-06T09:05:20+08:00,MXF1!,0,47174,sell,L_Cmd_Fast,1,Close entry(s) order Long_Cmd,2026-07-06T01:05:00Z,EXECUTED:warning,"{""ticker"": ""MXF1!"", ""target_pos"": 0, ""signal_price"": 47174, ""order_id"": ""Close entry(s) order Long_Cmd"", ""order_action"": ""sell"", ""order_comment"": ""L_Cmd_Fast"", ""order_contracts"": 1, ""timestamp"": ""2026-07-06T01:05:00Z""}"
2026-07-06T21:35:03+08:00,MXF1!,1,47112,buy,L_Cmd,1,Long_Cmd,2026-07-06T13:35:00Z,EXECUTED:success,"{""ticker"": ""MXF1!"", ""target_pos"": 1, ""signal_price"": 47112, ""order_id"": ""Long_Cmd"", ""order_action"": ""buy"", ""order_comment"": ""L_Cmd"", ""order_contracts"": 1, ""timestamp"": ""2026-07-06T13:35:00Z""}"
2026-07-06T21:45:11+08:00,MXF1!,2,47228,buy,L_Add,1,Long_Add,2026-07-06T13:45:00Z,EXECUTED:success,"{""ticker"": ""MXF1!"", ""target_pos"": 2, ""signal_price"": 47228, ""order_id"": ""Long_Add"", ""order_action"": ""buy"", ""order_comment"": ""L_Add"", ""order_contracts"": 1, ""timestamp"": ""2026-07-06T13:45:00Z""}"
2026-07-06T21:55:06+08:00,MXF1!,3,47268,buy,L_Add,1,Long_Add,2026-07-06T13:55:00Z,EXECUTED:success,"{""ticker"": ""MXF1!"", ""target_pos"": 3, ""signal_price"": 47268, ""order_id"": ""Long_Add"", ""order_action"": ""buy"", ""order_comment"": ""L_Add"", ""order_contracts"": 1, ""timestamp"": ""2026-07-06T13:55:00Z""}"
2026-07-06T22:10:06+08:00,MXF1!,4,47348,buy,L_G_進,1,Long_G,2026-07-06T14:10:00Z,EXECUTED:success,"{""ticker"": ""MXF1!"", ""target_pos"": 4, ""signal_price"": 47348, ""order_id"": ""Long_G"", ""order_action"": ""buy"", ""order_comment"": ""L_G_進"", ""order_contracts"": 1, ""timestamp"": ""2026-07-06T14:10:00Z""}"
2026-07-06T22:16:36+08:00,MXF1!,3,47489,sell,L_Exit_G,1,L_Exit_G,2026-07-06T14:15:00Z,EXECUTED:success,"{""ticker"": ""MXF1!"", ""target_pos"": 3, ""signal_price"": 47489, ""order_id"": ""L_Exit_G"", ""order_action"": ""sell"", ""order_comment"": ""L_Exit_G"", ""order_contracts"": 1, ""timestamp"": ""2026-07-06T14:15:00Z""}"
2026-07-06T22:20:05+08:00,MXF1!,4,47420,buy,L_G_進,1,Long_G,2026-07-06T14:20:00Z,EXECUTED:success,"{""ticker"": ""MXF1!"", ""target_pos"": 4, ""signal_price"": 47420, ""order_id"": ""Long_G"", ""order_action"": ""buy"", ""order_comment"": ""L_G_進"", ""order_contracts"": 1, ""timestamp"": ""2026-07-06T14:20:00Z""}"
2026-07-07T00:55:14+08:00,MXF1!,3,47313,sell,L_G_Cut,1,Close entry(s) order Long_G,2026-07-06T16:55:00Z,EXECUTED:success,"{""ticker"": ""MXF1!"", ""target_pos"": 3, ""signal_price"": 47313, ""order_id"": ""Close entry(s) order Long_G"", ""order_action"": ""sell"", ""order_comment"": ""L_G_Cut"", ""order_contracts"": 1, ""timestamp"": ""2026-07-06T16:55:00Z""}"
2026-07-07T01:30:03+08:00,MXF1!,2,47279,sell,L_Cmd_Fast,1,Close entry(s) order Long_Cmd,2026-07-06T17:30:00Z,EXECUTED:success,"{""ticker"": ""MXF1!"", ""target_pos"": 2, ""signal_price"": 47279, ""order_id"": ""Close entry(s) order Long_Cmd"", ""order_action"": ""sell"", ""order_comment"": ""L_Cmd_Fast"", ""order_contracts"": 1, ""timestamp"": ""2026-07-06T17:30:00Z""}"
2026-07-07T08:46:28+08:00,MXF1!,1,46810,sell,L_Exit_Add,1,L_Exit_Add,2026-07-07T00:45:00Z,EXECUTED:success,"{""ticker"": ""MXF1!"", ""target_pos"": 1, ""signal_price"": 46810, ""order_id"": ""L_Exit_Add"", ""order_action"": ""sell"", ""order_comment"": ""L_Exit_Add"", ""order_contracts"": 1, ""timestamp"": ""2026-07-07T00:45:00Z""}"
2026-07-07T08:46:40+08:00,MXF1!,0,46770,sell,L_Exit_Add,1,L_Exit_Add,2026-07-07T00:45:00Z,EXECUTED:success,"{""ticker"": ""MXF1!"", ""target_pos"": 0, ""signal_price"": 46770, ""order_id"": ""L_Exit_Add"", ""order_action"": ""sell"", ""order_comment"": ""L_Exit_Add"", ""order_contracts"": 1, ""timestamp"": ""2026-07-07T00:45:00Z""}"
2026-07-07T11:00:04+08:00,MXF1!,-1,46608,sell,S_Cmd,1,Short_Cmd,2026-07-07T03:00:00Z,EXECUTED:success,"{""ticker"": ""MXF1!"", ""target_pos"": -1, ""signal_price"": 46608, ""order_id"": ""Short_Cmd"", ""order_action"": ""sell"", ""order_comment"": ""S_Cmd"", ""order_contracts"": 1, ""timestamp"": ""2026-07-07T03:00:00Z""}"
2026-07-07T11:20:03+08:00,MXF1!,-2,46402,sell,S_Add,1,Short_Add,2026-07-07T03:20:00Z,EXECUTED:success,"{""ticker"": ""MXF1!"", ""target_pos"": -2, ""signal_price"": 46402, ""order_id"": ""Short_Add"", ""order_action"": ""sell"", ""order_comment"": ""S_Add"", ""order_contracts"": 1, ""timestamp"": ""2026-07-07T03:20:00Z""}"
2026-07-07T11:24:11+08:00,MXF1!,-1,46219,buy,S_Exit,1,S_Exit,2026-07-07T03:20:00Z,EXECUTED:success,"{""ticker"": ""MXF1!"", ""target_pos"": -1, ""signal_price"": 46219, ""order_id"": ""S_Exit"", ""order_action"": ""buy"", ""order_comment"": ""S_Exit"", ""order_contracts"": 1, ""timestamp"": ""2026-07-07T03:20:00Z""}"
2026-07-07T11:25:03+08:00,MXF1!,-2,46227,sell,S_Add,1,Short_Add,2026-07-07T03:25:00Z,EXECUTED:success,"{""ticker"": ""MXF1!"", ""target_pos"": -2, ""signal_price"": 46227, ""order_id"": ""Short_Add"", ""order_action"": ""sell"", ""order_comment"": ""S_Add"", ""order_contracts"": 1, ""timestamp"": ""2026-07-07T03:25:00Z""}"
2026-07-07T11:30:03+08:00,MXF1!,-3,46134,sell,S_Add,1,Short_Add,2026-07-07T03:30:00Z,EXECUTED:success,"{""ticker"": ""MXF1!"", ""target_pos"": -3, ""signal_price"": 46134, ""order_id"": ""Short_Add"", ""order_action"": ""sell"", ""order_comment"": ""S_Add"", ""order_contracts"": 1, ""timestamp"": ""2026-07-07T03:30:00Z""}"
2026-07-07T11:45:04+08:00,MXF1!,-4,46122,sell,S_G_進,1,Short_G,2026-07-07T03:45:00Z,EXECUTED:success,"{""ticker"": ""MXF1!"", ""target_pos"": -4, ""signal_price"": 46122, ""order_id"": ""Short_G"", ""order_action"": ""sell"", ""order_comment"": ""S_G_進"", ""order_contracts"": 1, ""timestamp"": ""2026-07-07T03:45:00Z""}"
2026-07-07T11:46:37+08:00,MXF1!,-3,46020,buy,S_Exit_G,1,S_Exit_G,2026-07-07T03:45:00Z,EXECUTED:success,"{""ticker"": ""MXF1!"", ""target_pos"": -3, ""signal_price"": 46020, ""order_id"": ""S_Exit_G"", ""order_action"": ""buy"", ""order_comment"": ""S_Exit_G"", ""order_contracts"": 1, ""timestamp"": ""2026-07-07T03:45:00Z""}"
2026-07-07T11:55:04+08:00,MXF1!,-4,46036,sell,S_G_進,1,Short_G,2026-07-07T03:55:00Z,EXECUTED:success,"{""ticker"": ""MXF1!"", ""target_pos"": -4, ""signal_price"": 46036, ""order_id"": ""Short_G"", ""order_action"": ""sell"", ""order_comment"": ""S_G_進"", ""order_contracts"": 1, ""timestamp"": ""2026-07-07T03:55:00Z""}"
2026-07-07T12:14:06+08:00,MXF1!,-3,45985,buy,S_Exit_Add,1,S_Exit_Add,2026-07-07T04:10:00Z,EXECUTED:success,"{""ticker"": ""MXF1!"", ""target_pos"": -3, ""signal_price"": 45985, ""order_id"": ""S_Exit_Add"", ""order_action"": ""buy"", ""order_comment"": ""S_Exit_Add"", ""order_contracts"": 1, ""timestamp"": ""2026-07-07T04:10:00Z""}"
2026-07-07T12:17:19+08:00,MXF1!,-2,45921,buy,S_Exit_G,1,S_Exit_G,2026-07-07T04:15:00Z,EXECUTED:success,"{""ticker"": ""MXF1!"", ""target_pos"": -2, ""signal_price"": 45921, ""order_id"": ""S_Exit_G"", ""order_action"": ""buy"", ""order_comment"": ""S_Exit_G"", ""order_contracts"": 1, ""timestamp"": ""2026-07-07T04:15:00Z""}"
2026-07-07T12:20:03+08:00,MXF1!,-3,45899,sell,S_Add,1,Short_Add,2026-07-07T04:20:00Z,EXECUTED:success,"{""ticker"": ""MXF1!"", ""target_pos"": -3, ""signal_price"": 45899, ""order_id"": ""Short_Add"", ""order_action"": ""sell"", ""order_comment"": ""S_Add"", ""order_contracts"": 1, ""timestamp"": ""2026-07-07T04:20:00Z""}"
2026-07-07T12:25:04+08:00,MXF1!,-4,45861,sell,S_G_進,1,Short_G,2026-07-07T04:25:00Z,EXECUTED:success,"{""ticker"": ""MXF1!"", ""target_pos"": -4, ""signal_price"": 45861, ""order_id"": ""Short_G"", ""order_action"": ""sell"", ""order_comment"": ""S_G_進"", ""order_contracts"": 1, ""timestamp"": ""2026-07-07T04:25:00Z""}"
2026-07-07T12:26:05+08:00,MXF1!,-3,45792,buy,S_Exit_Add,1,S_Exit_Add,2026-07-07T04:25:00Z,EXECUTED:success,"{""ticker"": ""MXF1!"", ""target_pos"": -3, ""signal_price"": 45792, ""order_id"": ""S_Exit_Add"", ""order_action"": ""buy"", ""order_comment"": ""S_Exit_Add"", ""order_contracts"": 1, ""timestamp"": ""2026-07-07T04:25:00Z""}"
2026-07-07T13:05:03+08:00,MXF1!,-4,45769,sell,S_G_進,1,Short_G,2026-07-07T05:05:00Z,EXECUTED:success,"{""ticker"": ""MXF1!"", ""target_pos"": -4, ""signal_price"": 45769, ""order_id"": ""Short_G"", ""order_action"": ""sell"", ""order_comment"": ""S_G_進"", ""order_contracts"": 1, ""timestamp"": ""2026-07-07T05:05:00Z""}"
2026-07-07T13:08:35+08:00,MXF1!,-3,45759,buy,S_Exit_G,1,S_Exit_G,2026-07-07T05:05:00Z,EXECUTED:success,"{""ticker"": ""MXF1!"", ""target_pos"": -3, ""signal_price"": 45759, ""order_id"": ""S_Exit_G"", ""order_action"": ""buy"", ""order_comment"": ""S_Exit_G"", ""order_contracts"": 1, ""timestamp"": ""2026-07-07T05:05:00Z""}"
2026-07-07T13:14:36+08:00,MXF1!,-2,45706,buy,S_Exit_Add,1,S_Exit_Add,2026-07-07T05:10:00Z,EXECUTED:success,"{""ticker"": ""MXF1!"", ""target_pos"": -2, ""signal_price"": 45706, ""order_id"": ""S_Exit_Add"", ""order_action"": ""buy"", ""order_comment"": ""S_Exit_Add"", ""order_contracts"": 1, ""timestamp"": ""2026-07-07T05:10:00Z""}"
2026-07-07T13:16:00+08:00,MXF1!,-1,45665,buy,S_Exit_G,1,S_Exit_G,2026-07-07T05:15:00Z,EXECUTED:success,"{""ticker"": ""MXF1!"", ""target_pos"": -1, ""signal_price"": 45665, ""order_id"": ""S_Exit_G"", ""order_action"": ""buy"", ""order_comment"": ""S_Exit_G"", ""order_contracts"": 1, ""timestamp"": ""2026-07-07T05:15:00Z""}"
2026-07-07T21:54:21+08:00,MXF1!,0,45457,buy,S_Exit_Add,1,S_Exit_Add,2026-07-07T13:50:00Z,EXECUTED:success,"{""ticker"": ""MXF1!"", ""target_pos"": 0, ""signal_price"": 45457, ""order_id"": ""S_Exit_Add"", ""order_action"": ""buy"", ""order_comment"": ""S_Exit_Add"", ""order_contracts"": 1, ""timestamp"": ""2026-07-07T13:50:00Z""}"
2026-07-07T22:15:06+08:00,MXF1!,-1,45364,sell,S_Cmd,1,Short_Cmd,2026-07-07T14:15:00Z,EXECUTED:success,"{""ticker"": ""MXF1!"", ""target_pos"": -1, ""signal_price"": 45364, ""order_id"": ""Short_Cmd"", ""order_action"": ""sell"", ""order_comment"": ""S_Cmd"", ""order_contracts"": 1, ""timestamp"": ""2026-07-07T14:15:00Z""}"
2026-07-07T22:22:49+08:00,MXF1!,-2,45307,buy,S_Exit_Add,1,S_Exit_Add,2026-07-07T14:20:00Z,EXECUTED:success,"{""ticker"": ""MXF1!"", ""target_pos"": -2, ""signal_price"": 45307, ""order_id"": ""S_Exit_Add"", ""order_action"": ""buy"", ""order_comment"": ""S_Exit_Add"", ""order_contracts"": 1, ""timestamp"": ""2026-07-07T14:20:00Z""}"
2026-07-07T22:25:04+08:00,MXF1!,-3,45260,sell,S_Add,1,Short_Add,2026-07-07T14:25:00Z,EXECUTED:success,"{""ticker"": ""MXF1!"", ""target_pos"": -3, ""signal_price"": 45260, ""order_id"": ""Short_Add"", ""order_action"": ""sell"", ""order_comment"": ""S_Add"", ""order_contracts"": 1, ""timestamp"": ""2026-07-07T14:25:00Z""}"
2026-07-07T22:40:04+08:00,MXF1!,-4,45159,sell,S_G_進,1,Short_G,2026-07-07T14:40:00Z,EXECUTED:success,"{""ticker"": ""MXF1!"", ""target_pos"": -4, ""signal_price"": 45159, ""order_id"": ""Short_G"", ""order_action"": ""sell"", ""order_comment"": ""S_G_進"", ""order_contracts"": 1, ""timestamp"": ""2026-07-07T14:40:00Z""}"
2026-07-07T22:40:33+08:00,MXF1!,-3,45148,buy,S_Exit_Add,1,S_Exit_Add,2026-07-07T14:40:00Z,EXECUTED:success,"{""ticker"": ""MXF1!"", ""target_pos"": -3, ""signal_price"": 45148, ""order_id"": ""S_Exit_Add"", ""order_action"": ""buy"", ""order_comment"": ""S_Exit_Add"", ""order_contracts"": 1, ""timestamp"": ""2026-07-07T14:40:00Z""}"
2026-07-07T22:45:04+08:00,MXF1!,-4,45107,sell,S_G_進,1,Short_G,2026-07-07T14:45:00Z,EXECUTED:success,"{""ticker"": ""MXF1!"", ""target_pos"": -4, ""signal_price"": 45107, ""order_id"": ""Short_G"", ""order_action"": ""sell"", ""order_comment"": ""S_G_進"", ""order_contracts"": 1, ""timestamp"": ""2026-07-07T14:45:00Z""}"
2026-07-08T00:15:10+08:00,MXF1!,-2,45334,buy,S_G_Cut,2,Close entry(s) order Short_G,2026-07-07T16:15:00Z,EXECUTED:success,"{""ticker"": ""MXF1!"", ""target_pos"": -2, ""signal_price"": 45334, ""order_id"": ""Close entry(s) order Short_G"", ""order_action"": ""buy"", ""order_comment"": ""S_G_Cut"", ""order_contracts"": 2, ""timestamp"": ""2026-07-07T16:15:00Z""}"
2026-07-08T08:50:04+08:00,MXF1!,0,45712,buy,Trend Rev,1,Close position order,2026-07-08T00:50:00Z,EXECUTED:success,"{""ticker"": ""MXF1!"", ""target_pos"": 0, ""signal_price"": 45712, ""order_id"": ""Close position order"", ""order_action"": ""buy"", ""order_comment"": ""Trend Rev"", ""order_contracts"": 1, ""timestamp"": ""2026-07-08T00:50:00Z""}"
2026-07-08T23:25:08+08:00,MXF1!,-1,45117,sell,S_Cmd,1,Short_Cmd,2026-07-08T15:25:00Z,EXECUTED:success,"{""ticker"": ""MXF1!"", ""target_pos"": -1, ""signal_price"": 45117, ""order_id"": ""Short_Cmd"", ""order_action"": ""sell"", ""order_comment"": ""S_Cmd"", ""order_contracts"": 1, ""timestamp"": ""2026-07-08T15:25:00Z""}"
2026-07-09T21:25:09+08:00,MXF1!,1,46232,buy,L_Cmd,1,Long_Cmd,2026-07-09T13:25:00Z,EXECUTED:success,"{""ticker"": ""MXF1!"", ""target_pos"": 1, ""signal_price"": 46232, ""order_id"": ""Long_Cmd"", ""order_action"": ""buy"", ""order_comment"": ""L_Cmd"", ""order_contracts"": 1, ""timestamp"": ""2026-07-09T13:25:00Z""}"
2026-07-09T21:40:06+08:00,MXF1!,2,46389,buy,L_Add,1,Long_Add,2026-07-09T13:40:00Z,EXECUTED:success,"{""ticker"": ""MXF1!"", ""target_pos"": 2, ""signal_price"": 46389, ""order_id"": ""Long_Add"", ""order_action"": ""buy"", ""order_comment"": ""L_Add"", ""order_contracts"": 1, ""timestamp"": ""2026-07-09T13:40:00Z""}"
2026-07-09T21:55:05+08:00,MXF1!,3,46389,buy,L_Add,1,Long_Add,2026-07-09T13:55:00Z,EXECUTED:success,"{""ticker"": ""MXF1!"", ""target_pos"": 3, ""signal_price"": 46389, ""order_id"": ""Long_Add"", ""order_action"": ""buy"", ""order_comment"": ""L_Add"", ""order_contracts"": 1, ""timestamp"": ""2026-07-09T13:55:00Z""}"
2026-07-09T22:05:02+08:00,MXF1!,4,46420,buy,L_G_進,1,Long_G,2026-07-09T14:05:00Z,EXECUTED:success,"{""ticker"": ""MXF1!"", ""target_pos"": 4, ""signal_price"": 46420, ""order_id"": ""Long_G"", ""order_action"": ""buy"", ""order_comment"": ""L_G_進"", ""order_contracts"": 1, ""timestamp"": ""2026-07-09T14:05:00Z""}"
2026-07-10T02:05:12+08:00,MXF1!,3,46396,sell,L_G_Cut,1,Close entry(s) order Long_G,2026-07-09T18:05:00Z,EXECUTED:success,"{""ticker"": ""MXF1!"", ""target_pos"": 3, ""signal_price"": 46396, ""order_id"": ""Close entry(s) order Long_G"", ""order_action"": ""sell"", ""order_comment"": ""L_G_Cut"", ""order_contracts"": 1, ""timestamp"": ""2026-07-09T18:05:00Z""}"
2026-07-10T02:25:11+08:00,MXF1!,2,46366,sell,L_Cmd_Fast,1,Close entry(s) order Long_Cmd,2026-07-09T18:25:00Z,EXECUTED:success,"{""ticker"": ""MXF1!"", ""target_pos"": 2, ""signal_price"": 46366, ""order_id"": ""Close entry(s) order Long_Cmd"", ""order_action"": ""sell"", ""order_comment"": ""L_Cmd_Fast"", ""order_contracts"": 1, ""timestamp"": ""2026-07-09T18:25:00Z""}"
2026-07-10T03:55:05+08:00,MXF1!,0,46180,sell,Trend Rev,2,Close position order,2026-07-09T19:55:00Z,EXECUTED:success,"{""ticker"": ""MXF1!"", ""target_pos"": 0, ""signal_price"": 46180, ""order_id"": ""Close position order"", ""order_action"": ""sell"", ""order_comment"": ""Trend Rev"", ""order_contracts"": 2, ""timestamp"": ""2026-07-09T19:55:00Z""}"
2026-07-13T08:55:05+08:00,MXF1!,-1,46033,sell,S_Cmd,1,Short_Cmd,2026-07-13T00:55:00Z,EXECUTED:success,"{""ticker"": ""MXF1!"", ""target_pos"": -1, ""signal_price"": 46033, ""order_id"": ""Short_Cmd"", ""order_action"": ""sell"", ""order_comment"": ""S_Cmd"", ""order_contracts"": 1, ""timestamp"": ""2026-07-13T00:55:00Z""}"
2026-07-13T09:01:24+08:00,MXF1!,0,46190,buy,S_Exit,1,S_Exit,2026-07-13T01:00:00Z,EXECUTED:success,"{""ticker"": ""MXF1!"", ""target_pos"": 0, ""signal_price"": 46190, ""order_id"": ""S_Exit"", ""order_action"": ""buy"", ""order_comment"": ""S_Exit"", ""order_contracts"": 1, ""timestamp"": ""2026-07-13T01:00:00Z""}"
2026-07-13T09:25:04+08:00,MXF1!,-1,45955,sell,S_Cmd,1,Short_Cmd,2026-07-13T01:25:00Z,EXECUTED:success,"{""ticker"": ""MXF1!"", ""target_pos"": -1, ""signal_price"": 45955, ""order_id"": ""Short_Cmd"", ""order_action"": ""sell"", ""order_comment"": ""S_Cmd"", ""order_contracts"": 1, ""timestamp"": ""2026-07-13T01:25:00Z""}"
2026-07-13T09:50:03+08:00,MXF1!,-2,45748,sell,S_Add,1,Short_Add,2026-07-13T01:50:00Z,EXECUTED:success,"{""ticker"": ""MXF1!"", ""target_pos"": -2, ""signal_price"": 45748, ""order_id"": ""Short_Add"", ""order_action"": ""sell"", ""order_comment"": ""S_Add"", ""order_contracts"": 1, ""timestamp"": ""2026-07-13T01:50:00Z""}"
2026-07-13T09:55:04+08:00,MXF1!,-3,45675,sell,S_Add,1,Short_Add,2026-07-13T01:55:00Z,EXECUTED:success,"{""ticker"": ""MXF1!"", ""target_pos"": -3, ""signal_price"": 45675, ""order_id"": ""Short_Add"", ""order_action"": ""sell"", ""order_comment"": ""S_Add"", ""order_contracts"": 1, ""timestamp"": ""2026-07-13T01:55:00Z""}"
2026-07-13T09:56:11+08:00,MXF1!,-2,45609,buy,S_Exit,1,S_Exit,2026-07-13T01:55:00Z,EXECUTED:success,"{""ticker"": ""MXF1!"", ""target_pos"": -2, ""signal_price"": 45609, ""order_id"": ""S_Exit"", ""order_action"": ""buy"", ""order_comment"": ""S_Exit"", ""order_contracts"": 1, ""timestamp"": ""2026-07-13T01:55:00Z""}"
2026-07-13T11:45:04+08:00,MXF1!,-3,45588,sell,S_Add,1,Short_Add,2026-07-13T03:45:00Z,EXECUTED:success,"{""ticker"": ""MXF1!"", ""target_pos"": -3, ""signal_price"": 45588, ""order_id"": ""Short_Add"", ""order_action"": ""sell"", ""order_comment"": ""S_Add"", ""order_contracts"": 1, ""timestamp"": ""2026-07-13T03:45:00Z""}"
2026-07-13T12:00:01+08:00,MXF1!,-4,45512,sell,S_G_進,1,Short_G,2026-07-13T04:00:00Z,EXECUTED:success,"{""ticker"": ""MXF1!"", ""target_pos"": -4, ""signal_price"": 45512, ""order_id"": ""Short_G"", ""order_action"": ""sell"", ""order_comment"": ""S_G_進"", ""order_contracts"": 1, ""timestamp"": ""2026-07-13T04:00:00Z""}"
2026-07-13T12:02:52+08:00,MXF1!,-3,45419,buy,S_Exit_G,1,S_Exit_G,2026-07-13T04:00:00Z,EXECUTED:success,"{""ticker"": ""MXF1!"", ""target_pos"": -3, ""signal_price"": 45419, ""order_id"": ""S_Exit_G"", ""order_action"": ""buy"", ""order_comment"": ""S_Exit_G"", ""order_contracts"": 1, ""timestamp"": ""2026-07-13T04:00:00Z""}"
2026-07-13T12:03:51+08:00,MXF1!,-2,45389,buy,S_Exit_Add,1,S_Exit_Add,2026-07-13T04:00:00Z,EXECUTED:success,"{""ticker"": ""MXF1!"", ""target_pos"": -2, ""signal_price"": 45389, ""order_id"": ""S_Exit_Add"", ""order_action"": ""buy"", ""order_comment"": ""S_Exit_Add"", ""order_contracts"": 1, ""timestamp"": ""2026-07-13T04:00:00Z""}"
2026-07-13T12:05:04+08:00,MXF1!,-3,45393,sell,S_Add,1,Short_Add,2026-07-13T04:05:00Z,EXECUTED:success,"{""ticker"": ""MXF1!"", ""target_pos"": -3, ""signal_price"": 45393, ""order_id"": ""Short_Add"", ""order_action"": ""sell"", ""order_comment"": ""S_Add"", ""order_contracts"": 1, ""timestamp"": ""2026-07-13T04:05:00Z""}"
2026-07-13T12:10:02+08:00,MXF1!,-4,45348,sell,S_G_進,1,Short_G,2026-07-13T04:10:00Z,EXECUTED:success,"{""ticker"": ""MXF1!"", ""target_pos"": -4, ""signal_price"": 45348, ""order_id"": ""Short_G"", ""order_action"": ""sell"", ""order_comment"": ""S_G_進"", ""order_contracts"": 1, ""timestamp"": ""2026-07-13T04:10:00Z""}"
2026-07-13T12:10:49+08:00,MXF1!,-3,45297,buy,S_Exit_Add,1,S_Exit_Add,2026-07-13T04:10:00Z,EXECUTED:success,"{""ticker"": ""MXF1!"", ""target_pos"": -3, ""signal_price"": 45297, ""order_id"": ""S_Exit_Add"", ""order_action"": ""buy"", ""order_comment"": ""S_Exit_Add"", ""order_contracts"": 1, ""timestamp"": ""2026-07-13T04:10:00Z""}"
2026-07-13T13:10:04+08:00,MXF1!,-2,45710,buy,S_G_Cut,1,Close entry(s) order Short_G,2026-07-13T05:10:00Z,EXECUTED:success,"{""ticker"": ""MXF1!"", ""target_pos"": -2, ""signal_price"": 45710, ""order_id"": ""Close entry(s) order Short_G"", ""order_action"": ""buy"", ""order_comment"": ""S_G_Cut"", ""order_contracts"": 1, ""timestamp"": ""2026-07-13T05:10:00Z""}"
2026-07-13T16:55:13+08:00,MXF1!,0,45849,buy,Trend Rev,2,Close position order,2026-07-13T08:55:00Z,EXECUTED:success,"{""ticker"": ""MXF1!"", ""target_pos"": 0, ""signal_price"": 45849, ""order_id"": ""Close position order"", ""order_action"": ""buy"", ""order_comment"": ""Trend Rev"", ""order_contracts"": 2, ""timestamp"": ""2026-07-13T08:55:00Z""}"
2026-07-14T00:30:15+08:00,MXF1!,-1,45403,sell,S_Cmd,1,Short_Cmd,2026-07-13T16:30:00Z,EXECUTED:success,"{""ticker"": ""MXF1!"", ""target_pos"": -1, ""signal_price"": 45403, ""order_id"": ""Short_Cmd"", ""order_action"": ""sell"", ""order_comment"": ""S_Cmd"", ""order_contracts"": 1, ""timestamp"": ""2026-07-13T16:30:00Z""}"
2026-07-14T00:35:07+08:00,MXF1!,-2,45316,sell,S_Add,1,Short_Add,2026-07-13T16:35:00Z,EXECUTED:success,"{""ticker"": ""MXF1!"", ""target_pos"": -2, ""signal_price"": 45316, ""order_id"": ""Short_Add"", ""order_action"": ""sell"", ""order_comment"": ""S_Add"", ""order_contracts"": 1, ""timestamp"": ""2026-07-13T16:35:00Z""}"
2026-07-14T00:50:06+08:00,MXF1!,-3,45254,sell,S_Add,1,Short_Add,2026-07-13T16:50:00Z,EXECUTED:success,"{""ticker"": ""MXF1!"", ""target_pos"": -3, ""signal_price"": 45254, ""order_id"": ""Short_Add"", ""order_action"": ""sell"", ""order_comment"": ""S_Add"", ""order_contracts"": 1, ""timestamp"": ""2026-07-13T16:50:00Z""}"
2026-07-14T03:15:05+08:00,MXF1!,-4,45244,sell,S_G_進,1,Short_G,2026-07-13T19:15:00Z,EXECUTED:success,"{""ticker"": ""MXF1!"", ""target_pos"": -4, ""signal_price"": 45244, ""order_id"": ""Short_G"", ""order_action"": ""sell"", ""order_comment"": ""S_G_進"", ""order_contracts"": 1, ""timestamp"": ""2026-07-13T19:15:00Z""}"
2026-07-14T03:20:29+08:00,MXF1!,-3,45148,buy,S_Exit,1,S_Exit,2026-07-13T19:20:00Z,EXECUTED:success,"{""ticker"": ""MXF1!"", ""target_pos"": -3, ""signal_price"": 45148, ""order_id"": ""S_Exit"", ""order_action"": ""buy"", ""order_comment"": ""S_Exit"", ""order_contracts"": 1, ""timestamp"": ""2026-07-13T19:20:00Z""}"
2026-07-14T03:25:05+08:00,MXF1!,-4,45171,sell,S_G_進,1,Short_G,2026-07-13T19:25:00Z,EXECUTED:success,"{""ticker"": ""MXF1!"", ""target_pos"": -4, ""signal_price"": 45171, ""order_id"": ""Short_G"", ""order_action"": ""sell"", ""order_comment"": ""S_G_進"", ""order_contracts"": 1, ""timestamp"": ""2026-07-13T19:25:00Z""}"
2026-07-14T03:26:33+08:00,MXF1!,-3,45146,buy,S_Exit_G,1,S_Exit_G,2026-07-13T19:25:00Z,EXECUTED:success,"{""ticker"": ""MXF1!"", ""target_pos"": -3, ""signal_price"": 45146, ""order_id"": ""S_Exit_G"", ""order_action"": ""buy"", ""order_comment"": ""S_Exit_G"", ""order_contracts"": 1, ""timestamp"": ""2026-07-13T19:25:00Z""}"
2026-07-14T04:15:04+08:00,MXF1!,-4,45100,sell,S_G_進,1,Short_G,2026-07-13T20:15:00Z,EXECUTED:success,"{""ticker"": ""MXF1!"", ""target_pos"": -4, ""signal_price"": 45100, ""order_id"": ""Short_G"", ""order_action"": ""sell"", ""order_comment"": ""S_G_進"", ""order_contracts"": 1, ""timestamp"": ""2026-07-13T20:15:00Z""}"
2026-07-14T04:15:51+08:00,MXF1!,-3,45076,buy,S_Exit_G,1,S_Exit_G,2026-07-13T20:15:00Z,EXECUTED:success,"{""ticker"": ""MXF1!"", ""target_pos"": -3, ""signal_price"": 45076, ""order_id"": ""S_Exit_G"", ""order_action"": ""buy"", ""order_comment"": ""S_Exit_G"", ""order_contracts"": 1, ""timestamp"": ""2026-07-13T20:15:00Z""}"
2026-07-14T04:16:41+08:00,MXF1!,-2,45057,buy,S_Exit_Add,1,S_Exit_Add,2026-07-13T20:15:00Z,EXECUTED:success,"{""ticker"": ""MXF1!"", ""target_pos"": -2, ""signal_price"": 45057, ""order_id"": ""S_Exit_Add"", ""order_action"": ""buy"", ""order_comment"": ""S_Exit_Add"", ""order_contracts"": 1, ""timestamp"": ""2026-07-13T20:15:00Z""}"
2026-07-14T04:55:03+08:00,MXF1!,-2,45042,buy,S_Exit_Add,1,S_Exit_Add,2026-07-13T20:55:00Z,EXECUTED:success,"{""ticker"": ""MXF1!"", ""target_pos"": -2, ""signal_price"": 45042, ""order_id"": ""S_Exit_Add"", ""order_action"": ""buy"", ""order_comment"": ""S_Exit_Add"", ""order_contracts"": 1, ""timestamp"": ""2026-07-13T20:55:00Z""}"
2026-07-14T04:55:06+08:00,MXF1!,-3,45040,sell,S_Add,1,Short_Add,2026-07-13T20:55:00Z,EXECUTED:success,"{""ticker"": ""MXF1!"", ""target_pos"": -3, ""signal_price"": 45040, ""order_id"": ""Short_Add"", ""order_action"": ""sell"", ""order_comment"": ""S_Add"", ""order_contracts"": 1, ""timestamp"": ""2026-07-13T20:55:00Z""}"
2026-07-14T08:50:05+08:00,MXF1!,-1,45189,buy,S_G_Cut,1,Close entry(s) order Short_G,2026-07-14T00:50:00Z,EXECUTED:success,"{""ticker"": ""MXF1!"", ""target_pos"": -1, ""signal_price"": 45189, ""order_id"": ""Close entry(s) order Short_G"", ""order_action"": ""buy"", ""order_comment"": ""S_G_Cut"", ""order_contracts"": 1, ""timestamp"": ""2026-07-14T00:50:00Z""}"
2026-07-14T08:50:31+08:00,MXF1!,0,45244,buy,S_Exit_Add,1,S_Exit_Add,2026-07-14T00:50:00Z,EXECUTED:success,"{""ticker"": ""MXF1!"", ""target_pos"": 0, ""signal_price"": 45244, ""order_id"": ""S_Exit_Add"", ""order_action"": ""buy"", ""order_comment"": ""S_Exit_Add"", ""order_contracts"": 1, ""timestamp"": ""2026-07-14T00:50:00Z""}"
2026-07-14T09:15:06+08:00,MXF1!,-1,44809,sell,S_Cmd,1,Short_Cmd,2026-07-14T01:15:00Z,EXECUTED:success,"{""ticker"": ""MXF1!"", ""target_pos"": -1, ""signal_price"": 44809, ""order_id"": ""Short_Cmd"", ""order_action"": ""sell"", ""order_comment"": ""S_Cmd"", ""order_contracts"": 1, ""timestamp"": ""2026-07-14T01:15:00Z""}"
2026-07-14T09:25:46+08:00,MXF1!,0,45077,buy,S_Exit,1,S_Exit,2026-07-14T01:25:00Z,EXECUTED:success,"{""ticker"": ""MXF1!"", ""target_pos"": 0, ""signal_price"": 45077, ""order_id"": ""S_Exit"", ""order_action"": ""buy"", ""order_comment"": ""S_Exit"", ""order_contracts"": 1, ""timestamp"": ""2026-07-14T01:25:00Z""}"
2026-07-14T09:55:04+08:00,MXF1!,-1,44608,sell,S_Cmd,1,Short_Cmd,2026-07-14T01:55:00Z,EXECUTED:success,"{""ticker"": ""MXF1!"", ""target_pos"": -1, ""signal_price"": 44608, ""order_id"": ""Short_Cmd"", ""order_action"": ""sell"", ""order_comment"": ""S_Cmd"", ""order_contracts"": 1, ""timestamp"": ""2026-07-14T01:55:00Z""}"
2026-07-14T10:15:04+08:00,MXF1!,-2,44355,sell,S_Add,1,Short_Add,2026-07-14T02:15:00Z,EXECUTED:success,"{""ticker"": ""MXF1!"", ""target_pos"": -2, ""signal_price"": 44355, ""order_id"": ""Short_Add"", ""order_action"": ""sell"", ""order_comment"": ""S_Add"", ""order_contracts"": 1, ""timestamp"": ""2026-07-14T02:15:00Z""}"
2026-07-14T10:19:23+08:00,MXF1!,-1,44167,buy,S_Exit,1,S_Exit,2026-07-14T02:15:00Z,EXECUTED:success,"{""ticker"": ""MXF1!"", ""target_pos"": -1, ""signal_price"": 44167, ""order_id"": ""S_Exit"", ""order_action"": ""buy"", ""order_comment"": ""S_Exit"", ""order_contracts"": 1, ""timestamp"": ""2026-07-14T02:15:00Z""}"
2026-07-14T10:20:04+08:00,MXF1!,-2,44162,sell,S_Add,1,Short_Add,2026-07-14T02:20:00Z,EXECUTED:success,"{""ticker"": ""MXF1!"", ""target_pos"": -2, ""signal_price"": 44162, ""order_id"": ""Short_Add"", ""order_action"": ""sell"", ""order_comment"": ""S_Add"", ""order_contracts"": 1, ""timestamp"": ""2026-07-14T02:20:00Z""}"
2026-07-14T11:10:04+08:00,MXF1!,-3,44046,sell,S_Add,1,Short_Add,2026-07-14T03:10:00Z,EXECUTED:success,"{""ticker"": ""MXF1!"", ""target_pos"": -3, ""signal_price"": 44046, ""order_id"": ""Short_Add"", ""order_action"": ""sell"", ""order_comment"": ""S_Add"", ""order_contracts"": 1, ""timestamp"": ""2026-07-14T03:10:00Z""}"
2026-07-14T11:15:01+08:00,MXF1!,-4,43986,sell,S_G_進,1,Short_G,2026-07-14T03:15:00Z,EXECUTED:success,"{""ticker"": ""MXF1!"", ""target_pos"": -4, ""signal_price"": 43986, ""order_id"": ""Short_G"", ""order_action"": ""sell"", ""order_comment"": ""S_G_進"", ""order_contracts"": 1, ""timestamp"": ""2026-07-14T03:15:00Z""}"
2026-07-14T11:18:11+08:00,MXF1!,-3,43874,buy,S_Exit_Add,1,S_Exit_Add,2026-07-14T03:15:00Z,EXECUTED:success,"{""ticker"": ""MXF1!"", ""target_pos"": -3, ""signal_price"": 43874, ""order_id"": ""S_Exit_Add"", ""order_action"": ""buy"", ""order_comment"": ""S_Exit_Add"", ""order_contracts"": 1, ""timestamp"": ""2026-07-14T03:15:00Z""}"
2026-07-14T11:21:46+08:00,MXF1!,-2,43873,buy,S_Exit_G,1,S_Exit_G,2026-07-14T03:20:00Z,EXECUTED:success,"{""ticker"": ""MXF1!"", ""target_pos"": -2, ""signal_price"": 43873, ""order_id"": ""S_Exit_G"", ""order_action"": ""buy"", ""order_comment"": ""S_Exit_G"", ""order_contracts"": 1, ""timestamp"": ""2026-07-14T03:20:00Z""}"
2026-07-14T13:12:29+08:00,MXF1!,-1,44765,buy,S_Exit_Add,1,S_Exit_Add,2026-07-14T05:10:00Z,EXECUTED:success,"{""ticker"": ""MXF1!"", ""target_pos"": -1, ""signal_price"": 44765, ""order_id"": ""S_Exit_Add"", ""order_action"": ""buy"", ""order_comment"": ""S_Exit_Add"", ""order_contracts"": 1, ""timestamp"": ""2026-07-14T05:10:00Z""}"
2026-07-14T13:21:57+08:00,MXF1!,0,44882,buy,S_Exit_Add,1,S_Exit_Add,2026-07-14T05:20:00Z,EXECUTED:success,"{""ticker"": ""MXF1!"", ""target_pos"": 0, ""signal_price"": 44882, ""order_id"": ""S_Exit_Add"", ""order_action"": ""buy"", ""order_comment"": ""S_Exit_Add"", ""order_contracts"": 1, ""timestamp"": ""2026-07-14T05:20:00Z""}"
2026-07-15T04:50:10+08:00,MXF1!,-1,45320,sell,S_Cmd,1,Short_Cmd,2026-07-14T20:50:00Z,EXECUTED:success,"{""ticker"": ""MXF1!"", ""target_pos"": -1, ""signal_price"": 45320, ""order_id"": ""Short_Cmd"", ""order_action"": ""sell"", ""order_comment"": ""S_Cmd"", ""order_contracts"": 1, ""timestamp"": ""2026-07-14T20:50:00Z""}"
2026-07-15T04:59:43+08:00,MXF1!,0,45410,buy,S_Exit,1,S_Exit,2026-07-14T20:55:00Z,EXECUTED:success,"{""ticker"": ""MXF1!"", ""target_pos"": 0, ""signal_price"": 45410, ""order_id"": ""S_Exit"", ""order_action"": ""buy"", ""order_comment"": ""S_Exit"", ""order_contracts"": 1, ""timestamp"": ""2026-07-14T20:55:00Z""}"
2026-07-15T09:30:07+08:00,MXF1!,1,45858,buy,L_Cmd,1,Long_Cmd,2026-07-15T01:30:00Z,EXECUTED:success,"{""ticker"": ""MXF1!"", ""target_pos"": 1, ""signal_price"": 45858, ""order_id"": ""Long_Cmd"", ""order_action"": ""buy"", ""order_comment"": ""L_Cmd"", ""order_contracts"": 1, ""timestamp"": ""2026-07-15T01:30:00Z""}"
2026-07-15T11:30:05+08:00,MXF1!,2,45980,buy,L_Add,1,Long_Add,2026-07-15T03:30:00Z,EXECUTED:success,"{""ticker"": ""MXF1!"", ""target_pos"": 2, ""signal_price"": 45980, ""order_id"": ""Long_Add"", ""order_action"": ""buy"", ""order_comment"": ""L_Add"", ""order_contracts"": 1, ""timestamp"": ""2026-07-15T03:30:00Z""}"
2026-07-15T11:50:05+08:00,MXF1!,3,46099,buy,L_Add,1,Long_Add,2026-07-15T03:50:00Z,EXECUTED:success,"{""ticker"": ""MXF1!"", ""target_pos"": 3, ""signal_price"": 46099, ""order_id"": ""Long_Add"", ""order_action"": ""buy"", ""order_comment"": ""L_Add"", ""order_contracts"": 1, ""timestamp"": ""2026-07-15T03:50:00Z""}"
2026-07-15T11:55:07+08:00,MXF1!,4,46123,buy,L_G_進,1,Long_G,2026-07-15T03:55:00Z,EXECUTED:success,"{""ticker"": ""MXF1!"", ""target_pos"": 4, ""signal_price"": 46123, ""order_id"": ""Long_G"", ""order_action"": ""buy"", ""order_comment"": ""L_G_進"", ""order_contracts"": 1, ""timestamp"": ""2026-07-15T03:55:00Z""}"
2026-07-15T13:30:02+08:00,MXF1!,3,45978,sell,L_G_Cut,1,Close entry(s) order Long_G,2026-07-15T05:30:00Z,EXECUTED:success,"{""ticker"": ""MXF1!"", ""target_pos"": 3, ""signal_price"": 45978, ""order_id"": ""Close entry(s) order Long_G"", ""order_action"": ""sell"", ""order_comment"": ""L_G_Cut"", ""order_contracts"": 1, ""timestamp"": ""2026-07-15T05:30:00Z""}"
2026-07-15T15:00:22+08:00,MXF1!,2,46234,sell,L_Exit,1,L_Exit,2026-07-15T07:00:00Z,EXECUTED:success,"{""ticker"": ""MXF1!"", ""target_pos"": 2, ""signal_price"": 46234, ""order_id"": ""L_Exit"", ""order_action"": ""sell"", ""order_comment"": ""L_Exit"", ""order_contracts"": 1, ""timestamp"": ""2026-07-15T07:00:00Z""}"
2026-07-15T15:00:25+08:00,MXF1!,1,46234,sell,L_Exit_Add,1,L_Exit_Add,2026-07-15T07:00:00Z,EXECUTED:success,"{""ticker"": ""MXF1!"", ""target_pos"": 1, ""signal_price"": 46234, ""order_id"": ""L_Exit_Add"", ""order_action"": ""sell"", ""order_comment"": ""L_Exit_Add"", ""order_contracts"": 1, ""timestamp"": ""2026-07-15T07:00:00Z""}"
2026-07-15T17:35:07+08:00,MXF1!,1,46062,sell,L_Cmd_Fast,1,Close entry(s) order Long_Cmd,2026-07-15T09:35:00Z,EXECUTED:success,"{""ticker"": ""MXF1!"", ""target_pos"": 1, ""signal_price"": 46062, ""order_id"": ""Close entry(s) order Long_Cmd"", ""order_action"": ""sell"", ""order_comment"": ""L_Cmd_Fast"", ""order_contracts"": 1, ""timestamp"": ""2026-07-15T09:35:00Z""}"
2026-07-15T20:10:08+08:00,MXF1!,0,45910,sell,Trend Rev,1,Close position order,2026-07-15T12:10:00Z,EXECUTED:success,"{""ticker"": ""MXF1!"", ""target_pos"": 0, ""signal_price"": 45910, ""order_id"": ""Close position order"", ""order_action"": ""sell"", ""order_comment"": ""Trend Rev"", ""order_contracts"": 1, ""timestamp"": ""2026-07-15T12:10:00Z""}"
2026-07-15T21:05:10+08:00,MXF1!,1,46134,buy,L_Cmd,1,Long_Cmd,2026-07-15T13:05:00Z,EXECUTED:success,"{""ticker"": ""MXF1!"", ""target_pos"": 1, ""signal_price"": 46134, ""order_id"": ""Long_Cmd"", ""order_action"": ""buy"", ""order_comment"": ""L_Cmd"", ""order_contracts"": 1, ""timestamp"": ""2026-07-15T13:05:00Z""}"
2026-07-15T21:33:33+08:00,MXF1!,0,45980,sell,L_Exit,1,L_Exit,2026-07-15T13:30:00Z,EXECUTED:success,"{""ticker"": ""MXF1!"", ""target_pos"": 0, ""signal_price"": 45980, ""order_id"": ""L_Exit"", ""order_action"": ""sell"", ""order_comment"": ""L_Exit"", ""order_contracts"": 1, ""timestamp"": ""2026-07-15T13:30:00Z""}"
2026-07-15T22:25:07+08:00,MXF1!,-1,45699,sell,S_Cmd,1,Short_Cmd,2026-07-15T14:25:00Z,EXECUTED:success,"{""ticker"": ""MXF1!"", ""target_pos"": -1, ""signal_price"": 45699, ""order_id"": ""Short_Cmd"", ""order_action"": ""sell"", ""order_comment"": ""S_Cmd"", ""order_contracts"": 1, ""timestamp"": ""2026-07-15T14:25:00Z""}"
2026-07-15T22:40:36+08:00,MXF1!,-2,45570,sell,S_Add,1,Short_Add,2026-07-15T14:40:00Z,EXECUTED:warning,"{""ticker"": ""MXF1!"", ""target_pos"": -2, ""signal_price"": 45570, ""order_id"": ""Short_Add"", ""order_action"": ""sell"", ""order_comment"": ""S_Add"", ""order_contracts"": 1, ""timestamp"": ""2026-07-15T14:40:00Z""}"
2026-07-15T23:25:05+08:00,MXF1!,-3,45539,sell,S_Add,1,Short_Add,2026-07-15T15:25:00Z,EXECUTED:success,"{""ticker"": ""MXF1!"", ""target_pos"": -3, ""signal_price"": 45539, ""order_id"": ""Short_Add"", ""order_action"": ""sell"", ""order_comment"": ""S_Add"", ""order_contracts"": 1, ""timestamp"": ""2026-07-15T15:25:00Z""}"
2026-07-16T00:00:05+08:00,MXF1!,-4,45502,sell,S_G_進,1,Short_G,2026-07-15T16:00:00Z,EXECUTED:success,"{""ticker"": ""MXF1!"", ""target_pos"": -4, ""signal_price"": 45502, ""order_id"": ""Short_G"", ""order_action"": ""sell"", ""order_comment"": ""S_G_進"", ""order_contracts"": 1, ""timestamp"": ""2026-07-15T16:00:00Z""}"
2026-07-16T00:02:22+08:00,MXF1!,-3,45451,buy,S_Exit,1,S_Exit,2026-07-15T16:00:00Z,EXECUTED:success,"{""ticker"": ""MXF1!"", ""target_pos"": -3, ""signal_price"": 45451, ""order_id"": ""S_Exit"", ""order_action"": ""buy"", ""order_comment"": ""S_Exit"", ""order_contracts"": 1, ""timestamp"": ""2026-07-15T16:00:00Z""}"
2026-07-16T00:05:03+08:00,MXF1!,-4,45445,sell,S_G_進,1,Short_G,2026-07-15T16:05:00Z,EXECUTED:success,"{""ticker"": ""MXF1!"", ""target_pos"": -4, ""signal_price"": 45445, ""order_id"": ""Short_G"", ""order_action"": ""sell"", ""order_comment"": ""S_G_進"", ""order_contracts"": 1, ""timestamp"": ""2026-07-15T16:05:00Z""}"
2026-07-16T00:06:48+08:00,MXF1!,-3,45363,buy,S_Exit_G,1,S_Exit_G,2026-07-15T16:05:00Z,EXECUTED:success,"{""ticker"": ""MXF1!"", ""target_pos"": -3, ""signal_price"": 45363, ""order_id"": ""S_Exit_G"", ""order_action"": ""buy"", ""order_comment"": ""S_Exit_G"", ""order_contracts"": 1, ""timestamp"": ""2026-07-15T16:05:00Z""}"
2026-07-16T00:15:03+08:00,MXF1!,-4,45336,sell,S_G_進,1,Short_G,2026-07-15T16:15:00Z,EXECUTED:success,"{""ticker"": ""MXF1!"", ""target_pos"": -4, ""signal_price"": 45336, ""order_id"": ""Short_G"", ""order_action"": ""sell"", ""order_comment"": ""S_G_進"", ""order_contracts"": 1, ""timestamp"": ""2026-07-15T16:15:00Z""}"
2026-07-16T00:15:42+08:00,MXF1!,-3,45318,buy,S_Exit_G,1,S_Exit_G,2026-07-15T16:15:00Z,EXECUTED:success,"{""ticker"": ""MXF1!"", ""target_pos"": -3, ""signal_price"": 45318, ""order_id"": ""S_Exit_G"", ""order_action"": ""buy"", ""order_comment"": ""S_Exit_G"", ""order_contracts"": 1, ""timestamp"": ""2026-07-15T16:15:00Z""}"
2026-07-16T00:20:03+08:00,MXF1!,-4,45314,sell,S_G_進,1,Short_G,2026-07-15T16:20:00Z,EXECUTED:success,"{""ticker"": ""MXF1!"", ""target_pos"": -4, ""signal_price"": 45314, ""order_id"": ""Short_G"", ""order_action"": ""sell"", ""order_comment"": ""S_G_進"", ""order_contracts"": 1, ""timestamp"": ""2026-07-15T16:20:00Z""}"
2026-07-16T00:24:27+08:00,MXF1!,-3,45275,buy,S_Exit_Add,1,S_Exit_Add,2026-07-15T16:20:00Z,EXECUTED:success,"{""ticker"": ""MXF1!"", ""target_pos"": -3, ""signal_price"": 45275, ""order_id"": ""S_Exit_Add"", ""order_action"": ""buy"", ""order_comment"": ""S_Exit_Add"", ""order_contracts"": 1, ""timestamp"": ""2026-07-15T16:20:00Z""}"
2026-07-16T00:25:04+08:00,MXF1!,-4,45274,sell,S_G_進,1,Short_G,2026-07-15T16:25:00Z,EXECUTED:success,"{""ticker"": ""MXF1!"", ""target_pos"": -4, ""signal_price"": 45274, ""order_id"": ""Short_G"", ""order_action"": ""sell"", ""order_comment"": ""S_G_進"", ""order_contracts"": 1, ""timestamp"": ""2026-07-15T16:25:00Z""}"
2026-07-16T00:34:56+08:00,MXF1!,-3,45260,buy,S_Exit_Add,1,S_Exit_Add,2026-07-15T16:30:00Z,EXECUTED:success,"{""ticker"": ""MXF1!"", ""target_pos"": -3, ""signal_price"": 45260, ""order_id"": ""S_Exit_Add"", ""order_action"": ""buy"", ""order_comment"": ""S_Exit_Add"", ""order_contracts"": 1, ""timestamp"": ""2026-07-15T16:30:00Z""}"
2026-07-16T01:20:10+08:00,MXF1!,0,45558,buy,S_G_Cut,3,Close entry(s) order Short_G,2026-07-15T17:20:00Z,EXECUTED:success,"{""ticker"": ""MXF1!"", ""target_pos"": 0, ""signal_price"": 45558, ""order_id"": ""Close entry(s) order Short_G"", ""order_action"": ""buy"", ""order_comment"": ""S_G_Cut"", ""order_contracts"": 3, ""timestamp"": ""2026-07-15T17:20:00Z""}"
2026-07-16T03:45:09+08:00,MXF1!,1,45875,buy,L_Cmd,1,Long_Cmd,2026-07-15T19:45:00Z,EXECUTED:success,"{""ticker"": ""MXF1!"", ""target_pos"": 1, ""signal_price"": 45875, ""order_id"": ""Long_Cmd"", ""order_action"": ""buy"", ""order_comment"": ""L_Cmd"", ""order_contracts"": 1, ""timestamp"": ""2026-07-15T19:45:00Z""}"
2026-07-16T08:45:06+08:00,MXF1!,0,45561,sell,L_Exit,1,L_Exit,2026-07-16T00:45:00Z,EXECUTED:success,"{""ticker"": ""MXF1!"", ""target_pos"": 0, ""signal_price"": 45561, ""order_id"": ""L_Exit"", ""order_action"": ""sell"", ""order_comment"": ""L_Exit"", ""order_contracts"": 1, ""timestamp"": ""2026-07-16T00:45:00Z""}"
2026-07-16T08:50:04+08:00,MXF1!,-1,45531,sell,S_Cmd,1,Short_Cmd,2026-07-16T00:50:00Z,EXECUTED:success,"{""ticker"": ""MXF1!"", ""target_pos"": -1, ""signal_price"": 45531, ""order_id"": ""Short_Cmd"", ""order_action"": ""sell"", ""order_comment"": ""S_Cmd"", ""order_contracts"": 1, ""timestamp"": ""2026-07-16T00:50:00Z""}"
2026-07-16T09:20:07+08:00,MXF1!,-2,45404,sell,S_Add,1,Short_Add,2026-07-16T01:20:00Z,EXECUTED:success,"{""ticker"": ""MXF1!"", ""target_pos"": -2, ""signal_price"": 45404, ""order_id"": ""Short_Add"", ""order_action"": ""sell"", ""order_comment"": ""S_Add"", ""order_contracts"": 1, ""timestamp"": ""2026-07-16T01:20:00Z""}"
2026-07-16T09:24:41+08:00,MXF1!,-1,45328,buy,S_Exit,1,S_Exit,2026-07-16T01:20:00Z,EXECUTED:success,"{""ticker"": ""MXF1!"", ""target_pos"": -1, ""signal_price"": 45328, ""order_id"": ""S_Exit"", ""order_action"": ""buy"", ""order_comment"": ""S_Exit"", ""order_contracts"": 1, ""timestamp"": ""2026-07-16T01:20:00Z""}"
2026-07-16T09:30:05+08:00,MXF1!,-2,45245,sell,S_Add,1,Short_Add,2026-07-16T01:30:00Z,EXECUTED:success,"{""ticker"": ""MXF1!"", ""target_pos"": -2, ""signal_price"": 45245, ""order_id"": ""Short_Add"", ""order_action"": ""sell"", ""order_comment"": ""S_Add"", ""order_contracts"": 1, ""timestamp"": ""2026-07-16T01:30:00Z""}"
2026-07-16T09:45:04+08:00,MXF1!,-3,45229,sell,S_Add,1,Short_Add,2026-07-16T01:45:00Z,EXECUTED:success,"{""ticker"": ""MXF1!"", ""target_pos"": -3, ""signal_price"": 45229, ""order_id"": ""Short_Add"", ""order_action"": ""sell"", ""order_comment"": ""S_Add"", ""order_contracts"": 1, ""timestamp"": ""2026-07-16T01:45:00Z""}"
2026-07-16T10:40:04+08:00,MXF1!,0,45697,buy,Trend Rev,3,Close position order,2026-07-16T02:40:00Z,EXECUTED:success,"{""ticker"": ""MXF1!"", ""target_pos"": 0, ""signal_price"": 45697, ""order_id"": ""Close position order"", ""order_action"": ""buy"", ""order_comment"": ""Trend Rev"", ""order_contracts"": 3, ""timestamp"": ""2026-07-16T02:40:00Z""}"
2026-07-17T02:20:12+08:00,MXF1!,0,44650,buy,S_Cmd_Fast,1,Close entry(s) order Short_Cmd,2026-07-16T18:20:00Z,EXECUTED:success,"{""ticker"": ""MXF1!"", ""target_pos"": 0, ""signal_price"": 44650, ""order_id"": ""Close entry(s) order Short_Cmd"", ""order_action"": ""buy"", ""order_comment"": ""S_Cmd_Fast"", ""order_contracts"": 1, ""timestamp"": ""2026-07-16T18:20:00Z""}"
2026-07-17T08:50:06+08:00,MXF1!,-1,44179,sell,S_Cmd,1,Short_Cmd,2026-07-17T00:50:00Z,EXECUTED:success,"{""ticker"": ""MXF1!"", ""target_pos"": -1, ""signal_price"": 44179, ""order_id"": ""Short_Cmd"", ""order_action"": ""sell"", ""order_comment"": ""S_Cmd"", ""order_contracts"": 1, ""timestamp"": ""2026-07-17T00:50:00Z""}"
2026-07-17T08:55:09+08:00,MXF1!,0,44409,buy,S_Exit,1,S_Exit,2026-07-17T00:55:00Z,EXECUTED:success,"{""ticker"": ""MXF1!"", ""target_pos"": 0, ""signal_price"": 44409, ""order_id"": ""S_Exit"", ""order_action"": ""buy"", ""order_comment"": ""S_Exit"", ""order_contracts"": 1, ""timestamp"": ""2026-07-17T00:55:00Z""}"
2026-07-17T09:35:07+08:00,MXF1!,-1,44013,sell,S_Cmd,1,Short_Cmd,2026-07-17T01:35:00Z,EXECUTED:success,"{""ticker"": ""MXF1!"", ""target_pos"": -1, ""signal_price"": 44013, ""order_id"": ""Short_Cmd"", ""order_action"": ""sell"", ""order_comment"": ""S_Cmd"", ""order_contracts"": 1, ""timestamp"": ""2026-07-17T01:35:00Z""}"
2026-07-17T10:40:15+08:00,MXF1!,-2,43852,sell,S_Add,1,Short_Add,2026-07-17T02:40:00Z,EXECUTED:warning,"{""ticker"": ""MXF1!"", ""target_pos"": -2, ""signal_price"": 43852, ""order_id"": ""Short_Add"", ""order_action"": ""sell"", ""order_comment"": ""S_Add"", ""order_contracts"": 1, ""timestamp"": ""2026-07-17T02:40:00Z""}"
2026-07-17T10:55:06+08:00,MXF1!,-3,43760,sell,S_Add,1,Short_Add,2026-07-17T02:55:00Z,EXECUTED:success,"{""ticker"": ""MXF1!"", ""target_pos"": -3, ""signal_price"": 43760, ""order_id"": ""Short_Add"", ""order_action"": ""sell"", ""order_comment"": ""S_Add"", ""order_contracts"": 1, ""timestamp"": ""2026-07-17T02:55:00Z""}"
2026-07-17T11:45:05+08:00,MXF1!,-4,43719,sell,S_G_進,1,Short_G,2026-07-17T03:45:00Z,EXECUTED:success,"{""ticker"": ""MXF1!"", ""target_pos"": -4, ""signal_price"": 43719, ""order_id"": ""Short_G"", ""order_action"": ""sell"", ""order_comment"": ""S_G_進"", ""order_contracts"": 1, ""timestamp"": ""2026-07-17T03:45:00Z""}"
2026-07-17T11:50:53+08:00,MXF1!,-3,43631,buy,S_Exit_G,1,S_Exit_G,2026-07-17T03:50:00Z,EXECUTED:success,"{""ticker"": ""MXF1!"", ""target_pos"": -3, ""signal_price"": 43631, ""order_id"": ""S_Exit_G"", ""order_action"": ""buy"", ""order_comment"": ""S_Exit_G"", ""order_contracts"": 1, ""timestamp"": ""2026-07-17T03:50:00Z""}"
2026-07-17T11:53:19+08:00,MXF1!,-2,43579,buy,S_Exit,1,S_Exit,2026-07-17T03:50:00Z,EXECUTED:success,"{""ticker"": ""MXF1!"", ""target_pos"": -2, ""signal_price"": 43579, ""order_id"": ""S_Exit"", ""order_action"": ""buy"", ""order_comment"": ""S_Exit"", ""order_contracts"": 1, ""timestamp"": ""2026-07-17T03:50:00Z""}"
2026-07-17T11:55:03+08:00,MXF1!,-3,43552,sell,S_Add,1,Short_Add,2026-07-17T03:55:00Z,EXECUTED:success,"{""ticker"": ""MXF1!"", ""target_pos"": -3, ""signal_price"": 43552, ""order_id"": ""Short_Add"", ""order_action"": ""sell"", ""order_comment"": ""S_Add"", ""order_contracts"": 1, ""timestamp"": ""2026-07-17T03:55:00Z""}"
2026-07-17T12:00:03+08:00,MXF1!,-4,43508,sell,S_G_進,1,Short_G,2026-07-17T04:00:00Z,EXECUTED:success,"{""ticker"": ""MXF1!"", ""target_pos"": -4, ""signal_price"": 43508, ""order_id"": ""Short_G"", ""order_action"": ""sell"", ""order_comment"": ""S_G_進"", ""order_contracts"": 1, ""timestamp"": ""2026-07-17T04:00:00Z""}"
2026-07-17T12:00:23+08:00,MXF1!,-3,43502,buy,S_Exit_Add,1,S_Exit_Add,2026-07-17T04:00:00Z,EXECUTED:success,"{""ticker"": ""MXF1!"", ""target_pos"": -3, ""signal_price"": 43502, ""order_id"": ""S_Exit_Add"", ""order_action"": ""buy"", ""order_comment"": ""S_Exit_Add"", ""order_contracts"": 1, ""timestamp"": ""2026-07-17T04:00:00Z""}"
2026-07-17T12:10:02+08:00,MXF1!,-4,43432,sell,S_G_進,1,Short_G,2026-07-17T04:10:00Z,EXECUTED:success,"{""ticker"": ""MXF1!"", ""target_pos"": -4, ""signal_price"": 43432, ""order_id"": ""Short_G"", ""order_action"": ""sell"", ""order_comment"": ""S_G_進"", ""order_contracts"": 1, ""timestamp"": ""2026-07-17T04:10:00Z""}"
2026-07-17T12:10:05+08:00,MXF1!,-3,43435,buy,S_Exit_G,1,S_Exit_G,2026-07-17T04:10:00Z,DEDUP_DROPPED,"{""ticker"": ""MXF1!"", ""target_pos"": -3, ""signal_price"": 43435, ""order_id"": ""S_Exit_G"", ""order_action"": ""buy"", ""order_comment"": ""S_Exit_G"", ""order_contracts"": 1, ""timestamp"": ""2026-07-17T04:10:00Z""}"
2026-07-17T12:11:17+08:00,MXF1!,-2,43407,buy,S_Exit_Add,1,S_Exit_Add,2026-07-17T04:10:00Z,EXECUTED:success,"{""ticker"": ""MXF1!"", ""target_pos"": -2, ""signal_price"": 43407, ""order_id"": ""S_Exit_Add"", ""order_action"": ""buy"", ""order_comment"": ""S_Exit_Add"", ""order_contracts"": 1, ""timestamp"": ""2026-07-17T04:10:00Z""}"
2026-07-17T12:24:07+08:00,MXF1!,-1,43352,buy,S_Exit_G,1,S_Exit_G,2026-07-17T04:20:00Z,EXECUTED:success,"{""ticker"": ""MXF1!"", ""target_pos"": -1, ""signal_price"": 43352, ""order_id"": ""S_Exit_G"", ""order_action"": ""buy"", ""order_comment"": ""S_Exit_G"", ""order_contracts"": 1, ""timestamp"": ""2026-07-17T04:20:00Z""}"
2026-07-17T12:35:04+08:00,MXF1!,-2,43261,sell,S_Add,1,Short_Add,2026-07-17T04:35:00Z,EXECUTED:success,"{""ticker"": ""MXF1!"", ""target_pos"": -2, ""signal_price"": 43261, ""order_id"": ""Short_Add"", ""order_action"": ""sell"", ""order_comment"": ""S_Add"", ""order_contracts"": 1, ""timestamp"": ""2026-07-17T04:35:00Z""}"
2026-07-17T12:36:14+08:00,MXF1!,-1,43219,buy,S_Exit_Add,1,S_Exit_Add,2026-07-17T04:35:00Z,EXECUTED:success,"{""ticker"": ""MXF1!"", ""target_pos"": -1, ""signal_price"": 43219, ""order_id"": ""S_Exit_Add"", ""order_action"": ""buy"", ""order_comment"": ""S_Exit_Add"", ""order_contracts"": 1, ""timestamp"": ""2026-07-17T04:35:00Z""}"
2026-07-17T13:05:04+08:00,MXF1!,-2,43088,sell,S_Add,1,Short_Add,2026-07-17T05:05:00Z,EXECUTED:success,"{""ticker"": ""MXF1!"", ""target_pos"": -2, ""signal_price"": 43088, ""order_id"": ""Short_Add"", ""order_action"": ""sell"", ""order_comment"": ""S_Add"", ""order_contracts"": 1, ""timestamp"": ""2026-07-17T05:05:00Z""}"
2026-07-17T13:25:03+08:00,MXF1!,-3,42995,sell,S_Add,1,Short_Add,2026-07-17T05:25:00Z,EXECUTED:success,"{""ticker"": ""MXF1!"", ""target_pos"": -3, ""signal_price"": 42995, ""order_id"": ""Short_Add"", ""order_action"": ""sell"", ""order_comment"": ""S_Add"", ""order_contracts"": 1, ""timestamp"": ""2026-07-17T05:25:00Z""}"
2026-07-17T13:25:29+08:00,MXF1!,-2,42912,buy,S_Exit_Add,1,S_Exit_Add,2026-07-17T05:25:00Z,EXECUTED:success,"{""ticker"": ""MXF1!"", ""target_pos"": -2, ""signal_price"": 42912, ""order_id"": ""S_Exit_Add"", ""order_action"": ""buy"", ""order_comment"": ""S_Exit_Add"", ""order_contracts"": 1, ""timestamp"": ""2026-07-17T05:25:00Z""}"
2026-07-17T13:30:36+08:00,MXF1!,-3,42847,sell,S_Add,1,Short_Add,2026-07-17T05:30:00Z,EXECUTED:success,"{""ticker"": ""MXF1!"", ""target_pos"": -3, ""signal_price"": 42847, ""order_id"": ""Short_Add"", ""order_action"": ""sell"", ""order_comment"": ""S_Add"", ""order_contracts"": 1, ""timestamp"": ""2026-07-17T05:30:00Z""}"
2026-07-17T13:35:27+08:00,MXF1!,-4,42822,sell,S_G_進,1,Short_G,2026-07-17T05:35:00Z,EXECUTED:success,"{""ticker"": ""MXF1!"", ""target_pos"": -4, ""signal_price"": 42822, ""order_id"": ""Short_G"", ""order_action"": ""sell"", ""order_comment"": ""S_G_進"", ""order_contracts"": 1, ""timestamp"": ""2026-07-17T05:35:00Z""}"
2026-07-17T13:36:20+08:00,MXF1!,-3,42728,buy,S_Exit_Add,1,S_Exit_Add,2026-07-17T05:35:00Z,EXECUTED:success,"{""ticker"": ""MXF1!"", ""target_pos"": -3, ""signal_price"": 42728, ""order_id"": ""S_Exit_Add"", ""order_action"": ""buy"", ""order_comment"": ""S_Exit_Add"", ""order_contracts"": 1, ""timestamp"": ""2026-07-17T05:35:00Z""}"
2026-07-17T13:37:20+08:00,MXF1!,-2,42717,buy,S_Exit_G,1,S_Exit_G,2026-07-17T05:35:00Z,EXECUTED:success,"{""ticker"": ""MXF1!"", ""target_pos"": -2, ""signal_price"": 42717, ""order_id"": ""S_Exit_G"", ""order_action"": ""buy"", ""order_comment"": ""S_Exit_G"", ""order_contracts"": 1, ""timestamp"": ""2026-07-17T05:35:00Z""}"
2026-07-17T13:41:46+08:00,MXF1!,-1,42618,buy,S_Exit_Add,1,S_Exit_Add,2026-07-17T05:40:00Z,EXECUTED:success,"{""ticker"": ""MXF1!"", ""target_pos"": -1, ""signal_price"": 42618, ""order_id"": ""S_Exit_Add"", ""order_action"": ""buy"", ""order_comment"": ""S_Exit_Add"", ""order_contracts"": 1, ""timestamp"": ""2026-07-17T05:40:00Z""}"
2026-07-17T16:16:38+08:00,MXF1!,0,42465,buy,S_Exit_Add,1,S_Exit_Add,2026-07-17T08:15:00Z,EXECUTED:success,"{""ticker"": ""MXF1!"", ""target_pos"": 0, ""signal_price"": 42465, ""order_id"": ""S_Exit_Add"", ""order_action"": ""buy"", ""order_comment"": ""S_Exit_Add"", ""order_contracts"": 1, ""timestamp"": ""2026-07-17T08:15:00Z""}"
2026-07-20T08:55:05+08:00,MXF1!,-1,43261,sell,S_Cmd,1,Short_Cmd,2026-07-20T00:55:00Z,EXECUTED:success,"{""ticker"": ""MXF1!"", ""target_pos"": -1, ""signal_price"": 43261, ""order_id"": ""Short_Cmd"", ""order_action"": ""sell"", ""order_comment"": ""S_Cmd"", ""order_contracts"": 1, ""timestamp"": ""2026-07-20T00:55:00Z""}"
2026-07-20T09:00:13+08:00,MXF1!,-2,43117,sell,S_Add,1,Short_Add,2026-07-20T01:00:00Z,EXECUTED:success,"{""ticker"": ""MXF1!"", ""target_pos"": -2, ""signal_price"": 43117, ""order_id"": ""Short_Add"", ""order_action"": ""sell"", ""order_comment"": ""S_Add"", ""order_contracts"": 1, ""timestamp"": ""2026-07-20T01:00:00Z""}"
2026-07-20T09:00:27+08:00,MXF1!,-1,43264,buy,S_BE,1,S_BE,2026-07-20T01:00:00Z,EXECUTED:success,"{""ticker"": ""MXF1!"", ""target_pos"": -1, ""signal_price"": 43264, ""order_id"": ""S_BE"", ""order_action"": ""buy"", ""order_comment"": ""S_BE"", ""order_contracts"": 1, ""timestamp"": ""2026-07-20T01:00:00Z""}"
2026-07-20T09:15:07+08:00,MXF1!,-2,42990,sell,S_Add,1,Short_Add,2026-07-20T01:15:00Z,EXECUTED:success,"{""ticker"": ""MXF1!"", ""target_pos"": -2, ""signal_price"": 42990, ""order_id"": ""Short_Add"", ""order_action"": ""sell"", ""order_comment"": ""S_Add"", ""order_contracts"": 1, ""timestamp"": ""2026-07-20T01:15:00Z""}"
2026-07-20T09:20:04+08:00,MXF1!,-3,42815,sell,S_Add,1,Short_Add,2026-07-20T01:20:00Z,EXECUTED:success,"{""ticker"": ""MXF1!"", ""target_pos"": -3, ""signal_price"": 42815, ""order_id"": ""Short_Add"", ""order_action"": ""sell"", ""order_comment"": ""S_Add"", ""order_contracts"": 1, ""timestamp"": ""2026-07-20T01:20:00Z""}"
2026-07-20T09:28:55+08:00,MXF1!,-2,42623,buy,S_Exit_Add,1,S_Exit_Add,2026-07-20T01:25:00Z,EXECUTED:success,"{""ticker"": ""MXF1!"", ""target_pos"": -2, ""signal_price"": 42623, ""order_id"": ""S_Exit_Add"", ""order_action"": ""buy"", ""order_comment"": ""S_Exit_Add"", ""order_contracts"": 1, ""timestamp"": ""2026-07-20T01:25:00Z""}"
2026-07-20T09:29:33+08:00,MXF1!,-1,42506,buy,S_Exit_Add,1,S_Exit_Add,2026-07-20T01:25:00Z,EXECUTED:success,"{""ticker"": ""MXF1!"", ""target_pos"": -1, ""signal_price"": 42506, ""order_id"": ""S_Exit_Add"", ""order_action"": ""buy"", ""order_comment"": ""S_Exit_Add"", ""order_contracts"": 1, ""timestamp"": ""2026-07-20T01:25:00Z""}"
2026-07-20T09:30:05+08:00,MXF1!,-2,42527,sell,S_Add,1,Short_Add,2026-07-20T01:30:00Z,EXECUTED:success,"{""ticker"": ""MXF1!"", ""target_pos"": -2, ""signal_price"": 42527, ""order_id"": ""Short_Add"", ""order_action"": ""sell"", ""order_comment"": ""S_Add"", ""order_contracts"": 1, ""timestamp"": ""2026-07-20T01:30:00Z""}"
2026-07-20T12:40:05+08:00,MXF1!,0,43260,buy,Trend Rev,2,Close position order,2026-07-20T04:40:00Z,EXECUTED:success,"{""ticker"": ""MXF1!"", ""target_pos"": 0, ""signal_price"": 43260, ""order_id"": ""Close position order"", ""order_action"": ""buy"", ""order_comment"": ""Trend Rev"", ""order_contracts"": 2, ""timestamp"": ""2026-07-20T04:40:00Z""}"
2026-07-20T13:30:06+08:00,MXF1!,-1,42662,sell,S_Cmd,1,Short_Cmd,2026-07-20T05:30:00Z,EXECUTED:success,"{""ticker"": ""MXF1!"", ""target_pos"": -1, ""signal_price"": 42662, ""order_id"": ""Short_Cmd"", ""order_action"": ""sell"", ""order_comment"": ""S_Cmd"", ""order_contracts"": 1, ""timestamp"": ""2026-07-20T05:30:00Z""}"
2026-07-20T15:30:05+08:00,MXF1!,0,42980,buy,S_Cmd_Fast,1,Close entry(s) order Short_Cmd,2026-07-20T07:30:00Z,EXECUTED:success,"{""ticker"": ""MXF1!"", ""target_pos"": 0, ""signal_price"": 42980, ""order_id"": ""Close entry(s) order Short_Cmd"", ""order_action"": ""buy"", ""order_comment"": ""S_Cmd_Fast"", ""order_contracts"": 1, ""timestamp"": ""2026-07-20T07:30:00Z""}"
2026-07-20T22:55:11+08:00,MXF1!,-1,43168,sell,S_Cmd,1,Short_Cmd,2026-07-20T14:55:00Z,EXECUTED:success,"{""ticker"": ""MXF1!"", ""target_pos"": -1, ""signal_price"": 43168, ""order_id"": ""Short_Cmd"", ""order_action"": ""sell"", ""order_comment"": ""S_Cmd"", ""order_contracts"": 1, ""timestamp"": ""2026-07-20T14:55:00Z""}"
2026-07-20T23:10:04+08:00,MXF1!,0,43262,buy,Trend Rev,1,Close position order,2026-07-20T15:10:00Z,EXECUTED:success,"{""ticker"": ""MXF1!"", ""target_pos"": 0, ""signal_price"": 43262, ""order_id"": ""Close position order"", ""order_action"": ""buy"", ""order_comment"": ""Trend Rev"", ""order_contracts"": 1, ""timestamp"": ""2026-07-20T15:10:00Z""}"
2026-07-21T03:05:11+08:00,MXF1!,-1,42988,sell,S_Cmd,1,Short_Cmd,2026-07-20T19:05:00Z,EXECUTED:success,"{""ticker"": ""MXF1!"", ""target_pos"": -1, ""signal_price"": 42988, ""order_id"": ""Short_Cmd"", ""order_action"": ""sell"", ""order_comment"": ""S_Cmd"", ""order_contracts"": 1, ""timestamp"": ""2026-07-20T19:05:00Z""}"
2026-07-21T03:15:08+08:00,MXF1!,-2,42904,sell,S_Add,1,Short_Add,2026-07-20T19:15:00Z,EXECUTED:success,"{""ticker"": ""MXF1!"", ""target_pos"": -2, ""signal_price"": 42904, ""order_id"": ""Short_Add"", ""order_action"": ""sell"", ""order_comment"": ""S_Add"", ""order_contracts"": 1, ""timestamp"": ""2026-07-20T19:15:00Z""}"
2026-07-21T04:10:06+08:00,MXF1!,-3,42870,sell,S_Add,1,Short_Add,2026-07-20T20:10:00Z,EXECUTED:success,"{""ticker"": ""MXF1!"", ""target_pos"": -3, ""signal_price"": 42870, ""order_id"": ""Short_Add"", ""order_action"": ""sell"", ""order_comment"": ""S_Add"", ""order_contracts"": 1, ""timestamp"": ""2026-07-20T20:10:00Z""}"
2026-07-21T04:20:06+08:00,MXF1!,-4,42845,sell,S_G_進,1,Short_G,2026-07-20T20:20:00Z,EXECUTED:success,"{""ticker"": ""MXF1!"", ""target_pos"": -4, ""signal_price"": 42845, ""order_id"": ""Short_G"", ""order_action"": ""sell"", ""order_comment"": ""S_G_進"", ""order_contracts"": 1, ""timestamp"": ""2026-07-20T20:20:00Z""}"
2026-07-21T08:45:01+08:00,MXF1!,-3,43263,buy,S_Exit_Add,1,S_Exit_Add,2026-07-21T00:45:00Z,EXECUTED:success,"{""ticker"": ""MXF1!"", ""target_pos"": -3, ""signal_price"": 43263, ""order_id"": ""S_Exit_Add"", ""order_action"": ""buy"", ""order_comment"": ""S_Exit_Add"", ""order_contracts"": 1, ""timestamp"": ""2026-07-21T00:45:00Z""}"
2026-07-21T08:45:05+08:00,MXF1!,-2,43263,buy,S_Exit,1,S_Exit,2026-07-21T00:45:00Z,EXECUTED:success,"{""ticker"": ""MXF1!"", ""target_pos"": -2, ""signal_price"": 43263, ""order_id"": ""S_Exit"", ""order_action"": ""buy"", ""order_comment"": ""S_Exit"", ""order_contracts"": 1, ""timestamp"": ""2026-07-21T00:45:00Z""}"
2026-07-21T08:45:08+08:00,MXF1!,-1,43289,buy,S_Exit_Add,1,S_Exit_Add,2026-07-21T00:45:00Z,EXECUTED:success,"{""ticker"": ""MXF1!"", ""target_pos"": -1, ""signal_price"": 43289, ""order_id"": ""S_Exit_Add"", ""order_action"": ""buy"", ""order_comment"": ""S_Exit_Add"", ""order_contracts"": 1, ""timestamp"": ""2026-07-21T00:45:00Z""}"
2026-07-21T08:50:03+08:00,MXF1!,0,43316,buy,S_G_Cut,1,Close entry(s) order Short_G,2026-07-21T00:50:00Z,EXECUTED:success,"{""ticker"": ""MXF1!"", ""target_pos"": 0, ""signal_price"": 43316, ""order_id"": ""Close entry(s) order Short_G"", ""order_action"": ""buy"", ""order_comment"": ""S_G_Cut"", ""order_contracts"": 1, ""timestamp"": ""2026-07-21T00:50:00Z""}"
2026-07-21T23:10:10+08:00,MXF1!,1,44901,buy,L_Cmd,1,Long_Cmd,2026-07-21T15:10:00Z,EXECUTED:success,"{""ticker"": ""MXF1!"", ""target_pos"": 1, ""signal_price"": 44901, ""order_id"": ""Long_Cmd"", ""order_action"": ""buy"", ""order_comment"": ""L_Cmd"", ""order_contracts"": 1, ""timestamp"": ""2026-07-21T15:10:00Z""}"
2026-07-22T02:35:12+08:00,MXF1!,0,44884,sell,L_Cmd_Fast,1,Close entry(s) order Long_Cmd,2026-07-21T18:35:00Z,EXECUTED:success,"{""ticker"": ""MXF1!"", ""target_pos"": 0, ""signal_price"": 44884, ""order_id"": ""Close entry(s) order Long_Cmd"", ""order_action"": ""sell"", ""order_comment"": ""L_Cmd_Fast"", ""order_contracts"": 1, ""timestamp"": ""2026-07-21T18:35:00Z""}"
2026-07-22T09:00:06+08:00,MXF1!,1,45200,buy,L_Cmd,1,Long_Cmd,2026-07-22T01:00:00Z,EXECUTED:success,"{""ticker"": ""MXF1!"", ""target_pos"": 1, ""signal_price"": 45200, ""order_id"": ""Long_Cmd"", ""order_action"": ""buy"", ""order_comment"": ""L_Cmd"", ""order_contracts"": 1, ""timestamp"": ""2026-07-22T01:00:00Z""}"
2026-07-22T09:05:04+08:00,MXF1!,2,45272,buy,L_Add,1,Long_Add,2026-07-22T01:05:00Z,EXECUTED:success,"{""ticker"": ""MXF1!"", ""target_pos"": 2, ""signal_price"": 45272, ""order_id"": ""Long_Add"", ""order_action"": ""buy"", ""order_comment"": ""L_Add"", ""order_contracts"": 1, ""timestamp"": ""2026-07-22T01:05:00Z""}"
2026-07-22T09:20:04+08:00,MXF1!,3,45298,buy,L_Add,1,Long_Add,2026-07-22T01:20:00Z,EXECUTED:success,"{""ticker"": ""MXF1!"", ""target_pos"": 3, ""signal_price"": 45298, ""order_id"": ""Long_Add"", ""order_action"": ""buy"", ""order_comment"": ""L_Add"", ""order_contracts"": 1, ""timestamp"": ""2026-07-22T01:20:00Z""}"
2026-07-22T09:25:05+08:00,MXF1!,2,45063,sell,L_Exit,1,L_Exit,2026-07-22T01:25:00Z,EXECUTED:success,"{""ticker"": ""MXF1!"", ""target_pos"": 2, ""signal_price"": 45063, ""order_id"": ""L_Exit"", ""order_action"": ""sell"", ""order_comment"": ""L_Exit"", ""order_contracts"": 1, ""timestamp"": ""2026-07-22T01:25:00Z""}"
2026-07-22T09:30:26+08:00,MXF1!,1,44960,sell,L_Exit_Add,1,L_Exit_Add,2026-07-22T01:30:00Z,EXECUTED:success,"{""ticker"": ""MXF1!"", ""target_pos"": 1, ""signal_price"": 44960, ""order_id"": ""L_Exit_Add"", ""order_action"": ""sell"", ""order_comment"": ""L_Exit_Add"", ""order_contracts"": 1, ""timestamp"": ""2026-07-22T01:30:00Z""}"
2026-07-22T09:34:05+08:00,MXF1!,0,44935,sell,L_Exit_Add,1,L_Exit_Add,2026-07-22T01:30:00Z,EXECUTED:success,"{""ticker"": ""MXF1!"", ""target_pos"": 0, ""signal_price"": 44935, ""order_id"": ""L_Exit_Add"", ""order_action"": ""sell"", ""order_comment"": ""L_Exit_Add"", ""order_contracts"": 1, ""timestamp"": ""2026-07-22T01:30:00Z""}"
2026-07-22T21:55:10+08:00,MXF1!,1,44835,buy,L_Cmd,1,Long_Cmd,2026-07-22T13:55:00Z,EXECUTED:success,"{""ticker"": ""MXF1!"", ""target_pos"": 1, ""signal_price"": 44835, ""order_id"": ""Long_Cmd"", ""order_action"": ""buy"", ""order_comment"": ""L_Cmd"", ""order_contracts"": 1, ""timestamp"": ""2026-07-22T13:55:00Z""}"
2026-07-22T23:05:04+08:00,MXF1!,1,45008,buy,L_Cmd,1,Long_Cmd,2026-07-22T15:05:00Z,EXECUTED:success,"{""ticker"": ""MXF1!"", ""target_pos"": 1, ""signal_price"": 45008, ""order_id"": ""Long_Cmd"", ""order_action"": ""buy"", ""order_comment"": ""L_Cmd"", ""order_contracts"": 1, ""timestamp"": ""2026-07-22T15:05:00Z""}"
2026-07-22T23:20:07+08:00,MXF1!,2,45099,buy,L_Add,1,Long_Add,2026-07-22T15:20:00Z,EXECUTED:success,"{""ticker"": ""MXF1!"", ""target_pos"": 2, ""signal_price"": 45099, ""order_id"": ""Long_Add"", ""order_action"": ""buy"", ""order_comment"": ""L_Add"", ""order_contracts"": 1, ""timestamp"": ""2026-07-22T15:20:00Z""}"
2026-07-22T23:30:08+08:00,MXF1!,3,45143,buy,L_Add,1,Long_Add,2026-07-22T15:30:00Z,EXECUTED:success,"{""ticker"": ""MXF1!"", ""target_pos"": 3, ""signal_price"": 45143, ""order_id"": ""Long_Add"", ""order_action"": ""buy"", ""order_comment"": ""L_Add"", ""order_contracts"": 1, ""timestamp"": ""2026-07-22T15:30:00Z""}"
2026-07-23T02:35:08+08:00,MXF1!,2,45011,sell,L_Cmd_Fast,1,Close entry(s) order Long_Cmd,2026-07-22T18:35:00Z,EXECUTED:success,"{""ticker"": ""MXF1!"", ""target_pos"": 2, ""signal_price"": 45011, ""order_id"": ""Close entry(s) order Long_Cmd"", ""order_action"": ""sell"", ""order_comment"": ""L_Cmd_Fast"", ""order_contracts"": 1, ""timestamp"": ""2026-07-22T18:35:00Z""}"
2026-07-23T04:10:06+08:00,MXF1!,0,44921,sell,Trend Rev,2,Close position order,2026-07-22T20:10:00Z,EXECUTED:success,"{""ticker"": ""MXF1!"", ""target_pos"": 0, ""signal_price"": 44921, ""order_id"": ""Close position order"", ""order_action"": ""sell"", ""order_comment"": ""Trend Rev"", ""order_contracts"": 2, ""timestamp"": ""2026-07-22T20:10:00Z""}"
2026-07-23T08:50:05+08:00,MXF1!,1,45208,buy,L_Cmd,1,Long_Cmd,2026-07-23T00:50:00Z,EXECUTED:success,"{""ticker"": ""MXF1!"", ""target_pos"": 1, ""signal_price"": 45208, ""order_id"": ""Long_Cmd"", ""order_action"": ""buy"", ""order_comment"": ""L_Cmd"", ""order_contracts"": 1, ""timestamp"": ""2026-07-23T00:50:00Z""}"
2026-07-23T09:05:04+08:00,MXF1!,0,45053,sell,L_Cmd_Fast,1,Close entry(s) order Long_Cmd,2026-07-23T01:05:00Z,EXECUTED:success,"{""ticker"": ""MXF1!"", ""target_pos"": 0, ""signal_price"": 45053, ""order_id"": ""Close entry(s) order Long_Cmd"", ""order_action"": ""sell"", ""order_comment"": ""L_Cmd_Fast"", ""order_contracts"": 1, ""timestamp"": ""2026-07-23T01:05:00Z""}"
2026-07-23T13:47:25+08:00,MXF1!,1,44903,buy,L_Cmd,1,Long_Cmd,2026-07-23T05:30:00Z,REJECT_MARKET_CLOSED,"{""ticker"": ""MXF1!"", ""target_pos"": 1, ""signal_price"": 44903, ""order_id"": ""Long_Cmd"", ""order_action"": ""buy"", ""order_comment"": ""L_Cmd"", ""order_contracts"": 1, ""timestamp"": ""2026-07-23T05:30:00Z""}"
2026-07-23T16:37:34+08:00,MXF1!,0,44804,sell,Trend Rev,1,Close position order,2026-07-23T07:05:00Z,EXECUTED:success,"{""ticker"": ""MXF1!"", ""target_pos"": 0, ""signal_price"": 44804, ""order_id"": ""Close position order"", ""order_action"": ""sell"", ""order_comment"": ""Trend Rev"", ""order_contracts"": 1, ""timestamp"": ""2026-07-23T07:05:00Z""}"
2026-07-23T23:15:12+08:00,MXF1!,-1,44061,sell,S_Cmd,1,Short_Cmd,2026-07-23T15:15:00Z,EXECUTED:success,"{""ticker"": ""MXF1!"", ""target_pos"": -1, ""signal_price"": 44061, ""order_id"": ""Short_Cmd"", ""order_action"": ""sell"", ""order_comment"": ""S_Cmd"", ""order_contracts"": 1, ""timestamp"": ""2026-07-23T15:15:00Z""}"
2026-07-23T23:30:06+08:00,MXF1!,-2,43924,sell,S_Add,1,Short_Add,2026-07-23T15:30:00Z,EXECUTED:success,"{""ticker"": ""MXF1!"", ""target_pos"": -2, ""signal_price"": 43924, ""order_id"": ""Short_Add"", ""order_action"": ""sell"", ""order_comment"": ""S_Add"", ""order_contracts"": 1, ""timestamp"": ""2026-07-23T15:30:00Z""}"
2026-07-24T00:05:09+08:00,MXF1!,-1,44237,buy,S_Cmd_Fast,1,Close entry(s) order Short_Cmd,2026-07-23T16:05:00Z,EXECUTED:success,"{""ticker"": ""MXF1!"", ""target_pos"": -1, ""signal_price"": 44237, ""order_id"": ""Close entry(s) order Short_Cmd"", ""order_action"": ""buy"", ""order_comment"": ""S_Cmd_Fast"", ""order_contracts"": 1, ""timestamp"": ""2026-07-23T16:05:00Z""}"
2026-07-24T04:05:19+08:00,MXF1!,0,44354,buy,Trend Rev,1,Close position order,2026-07-23T20:05:00Z,EXECUTED:warning,"{""ticker"": ""MXF1!"", ""target_pos"": 0, ""signal_price"": 44354, ""order_id"": ""Close position order"", ""order_action"": ""buy"", ""order_comment"": ""Trend Rev"", ""order_contracts"": 1, ""timestamp"": ""2026-07-23T20:05:00Z""}"
2026-07-24T10:35:01+08:00,MXF1!,-1,43913,sell,S_Cmd,1,Short_Cmd,2026-07-24T02:35:00Z,EXECUTED:success,"{""ticker"": ""MXF1!"", ""target_pos"": -1, ""signal_price"": 43913, ""order_id"": ""Short_Cmd"", ""order_action"": ""sell"", ""order_comment"": ""S_Cmd"", ""order_contracts"": 1, ""timestamp"": ""2026-07-24T02:35:00Z""}"
2026-07-24T10:40:03+08:00,MXF1!,-2,43777,sell,S_Add,1,Short_Add,2026-07-24T02:40:00Z,EXECUTED:success,"{""ticker"": ""MXF1!"", ""target_pos"": -2, ""signal_price"": 43777, ""order_id"": ""Short_Add"", ""order_action"": ""sell"", ""order_comment"": ""S_Add"", ""order_contracts"": 1, ""timestamp"": ""2026-07-24T02:40:00Z""}"
2026-07-24T10:50:04+08:00,MXF1!,-3,43701,sell,S_Add,1,Short_Add,2026-07-24T02:50:00Z,EXECUTED:success,"{""ticker"": ""MXF1!"", ""target_pos"": -3, ""signal_price"": 43701, ""order_id"": ""Short_Add"", ""order_action"": ""sell"", ""order_comment"": ""S_Add"", ""order_contracts"": 1, ""timestamp"": ""2026-07-24T02:50:00Z""}"
2026-07-24T11:00:02+08:00,MXF1!,-4,43665,sell,S_G_進,1,Short_G,2026-07-24T03:00:00Z,EXECUTED:success,"{""ticker"": ""MXF1!"", ""target_pos"": -4, ""signal_price"": 43665, ""order_id"": ""Short_G"", ""order_action"": ""sell"", ""order_comment"": ""S_G_進"", ""order_contracts"": 1, ""timestamp"": ""2026-07-24T03:00:00Z""}"
2026-07-24T11:30:01+08:00,MXF1!,-3,44061,buy,S_G_Cut,1,Close entry(s) order Short_G,2026-07-24T03:30:00Z,EXECUTED:success,"{""ticker"": ""MXF1!"", ""target_pos"": -3, ""signal_price"": 44061, ""order_id"": ""Close entry(s) order Short_G"", ""order_action"": ""buy"", ""order_comment"": ""S_G_Cut"", ""order_contracts"": 1, ""timestamp"": ""2026-07-24T03:30:00Z""}"
2026-07-24T11:30:04+08:00,MXF1!,-2,44061,buy,S_Cmd_Fast,1,Close entry(s) order Short_Cmd,2026-07-24T03:30:00Z,EXECUTED:success,"{""ticker"": ""MXF1!"", ""target_pos"": -2, ""signal_price"": 44061, ""order_id"": ""Close entry(s) order Short_Cmd"", ""order_action"": ""buy"", ""order_comment"": ""S_Cmd_Fast"", ""order_contracts"": 1, ""timestamp"": ""2026-07-24T03:30:00Z""}"
2026-07-24T15:15:07+08:00,MXF1!,0,44103,buy,Trend Rev,2,Close position order,2026-07-24T07:15:00Z,EXECUTED:success,"{""ticker"": ""MXF1!"", ""target_pos"": 0, ""signal_price"": 44103, ""order_id"": ""Close position order"", ""order_action"": ""buy"", ""order_comment"": ""Trend Rev"", ""order_contracts"": 2, ""timestamp"": ""2026-07-24T07:15:00Z""}"
2026-07-25T03:10:10+08:00,MXF1!,-1,43345,sell,S_Cmd,1,Short_Cmd,2026-07-24T19:10:00Z,EXECUTED:success,"{""ticker"": ""MXF1!"", ""target_pos"": -1, ""signal_price"": 43345, ""order_id"": ""Short_Cmd"", ""order_action"": ""sell"", ""order_comment"": ""S_Cmd"", ""order_contracts"": 1, ""timestamp"": ""2026-07-24T19:10:00Z""}"
2026-07-27T08:45:06+08:00,MXF1!,0,43855,buy,S_Exit,1,S_Exit,2026-07-27T00:45:00Z,EXECUTED:success,"{""ticker"": ""MXF1!"", ""target_pos"": 0, ""signal_price"": 43855, ""order_id"": ""S_Exit"", ""order_action"": ""buy"", ""order_comment"": ""S_Exit"", ""order_contracts"": 1, ""timestamp"": ""2026-07-27T00:45:00Z""}"
2026-07-27T11:30:07+08:00,MXF1!,-1,43326,sell,S_Cmd,1,Short_Cmd,2026-07-27T03:30:00Z,EXECUTED:success,"{""ticker"": ""MXF1!"", ""target_pos"": -1, ""signal_price"": 43326, ""order_id"": ""Short_Cmd"", ""order_action"": ""sell"", ""order_comment"": ""S_Cmd"", ""order_contracts"": 1, ""timestamp"": ""2026-07-27T03:30:00Z""}"
2026-07-27T12:35:03+08:00,MXF1!,0,43481,buy,S_Cmd_Fast,1,Close entry(s) order Short_Cmd,2026-07-27T04:35:00Z,EXECUTED:success,"{""ticker"": ""MXF1!"", ""target_pos"": 0, ""signal_price"": 43481, ""order_id"": ""Close entry(s) order Short_Cmd"", ""order_action"": ""buy"", ""order_comment"": ""S_Cmd_Fast"", ""order_contracts"": 1, ""timestamp"": ""2026-07-27T04:35:00Z""}"
2026-07-27T22:25:08+08:00,MXF1!,-1,43273,sell,S_Cmd,1,Short_Cmd,2026-07-27T14:25:00Z,EXECUTED:success,"{""ticker"": ""MXF1!"", ""target_pos"": -1, ""signal_price"": 43273, ""order_id"": ""Short_Cmd"", ""order_action"": ""sell"", ""order_comment"": ""S_Cmd"", ""order_contracts"": 1, ""timestamp"": ""2026-07-27T14:25:00Z""}"
2026-07-27T22:30:13+08:00,MXF1!,-2,43016,sell,S_Add,1,Short_Add,2026-07-27T14:30:00Z,EXECUTED:success,"{""ticker"": ""MXF1!"", ""target_pos"": -2, ""signal_price"": 43016, ""order_id"": ""Short_Add"", ""order_action"": ""sell"", ""order_comment"": ""S_Add"", ""order_contracts"": 1, ""timestamp"": ""2026-07-27T14:30:00Z""}"
2026-07-27T22:35:05+08:00,MXF1!,-3,43000,sell,S_Add,1,Short_Add,2026-07-27T14:35:00Z,EXECUTED:success,"{""ticker"": ""MXF1!"", ""target_pos"": -3, ""signal_price"": 43000, ""order_id"": ""Short_Add"", ""order_action"": ""sell"", ""order_comment"": ""S_Add"", ""order_contracts"": 1, ""timestamp"": ""2026-07-27T14:35:00Z""}"
2026-07-27T22:40:05+08:00,MXF1!,-4,42936,sell,S_G_進,1,Short_G,2026-07-27T14:40:00Z,EXECUTED:success,"{""ticker"": ""MXF1!"", ""target_pos"": -4, ""signal_price"": 42936, ""order_id"": ""Short_G"", ""order_action"": ""sell"", ""order_comment"": ""S_G_進"", ""order_contracts"": 1, ""timestamp"": ""2026-07-27T14:40:00Z""}"
2026-07-28T02:55:05+08:00,MXF1!,-3,43063,buy,S_G_Cut,1,Close entry(s) order Short_G,2026-07-27T18:55:00Z,EXECUTED:success,"{""ticker"": ""MXF1!"", ""target_pos"": -3, ""signal_price"": 43063, ""order_id"": ""Close entry(s) order Short_G"", ""order_action"": ""buy"", ""order_comment"": ""S_G_Cut"", ""order_contracts"": 1, ""timestamp"": ""2026-07-27T18:55:00Z""}"
2026-07-28T02:55:10+08:00,MXF1!,-2,43063,buy,S_Cmd_Fast,1,Close entry(s) order Short_Cmd,2026-07-27T18:55:00Z,EXECUTED:success,"{""ticker"": ""MXF1!"", ""target_pos"": -2, ""signal_price"": 43063, ""order_id"": ""Close entry(s) order Short_Cmd"", ""order_action"": ""buy"", ""order_comment"": ""S_Cmd_Fast"", ""order_contracts"": 1, ""timestamp"": ""2026-07-27T18:55:00Z""}"
2026-07-28T08:45:05+08:00,MXF1!,0,42600,buy,S_Exit_Add,1,S_Exit_Add,2026-07-28T00:45:00Z,EXECUTED:success,"{""ticker"": ""MXF1!"", ""target_pos"": 0, ""signal_price"": 42600, ""order_id"": ""S_Exit_Add"", ""order_action"": ""buy"", ""order_comment"": ""S_Exit_Add"", ""order_contracts"": 1, ""timestamp"": ""2026-07-28T00:45:00Z""}"
2026-07-28T08:45:08+08:00,MXF1!,-1,42600,buy,S_Exit_Add,1,S_Exit_Add,2026-07-28T00:45:00Z,EXECUTED:success,"{""ticker"": ""MXF1!"", ""target_pos"": -1, ""signal_price"": 42600, ""order_id"": ""S_Exit_Add"", ""order_action"": ""buy"", ""order_comment"": ""S_Exit_Add"", ""order_contracts"": 1, ""timestamp"": ""2026-07-28T00:45:00Z""}"
2026-07-28T08:50:04+08:00,MXF1!,-1,42370,sell,S_Cmd,1,Short_Cmd,2026-07-28T00:50:00Z,EXECUTED:success,"{""ticker"": ""MXF1!"", ""target_pos"": -1, ""signal_price"": 42370, ""order_id"": ""Short_Cmd"", ""order_action"": ""sell"", ""order_comment"": ""S_Cmd"", ""order_contracts"": 1, ""timestamp"": ""2026-07-28T00:50:00Z""}"
2026-07-28T09:00:44+08:00,MXF1!,-2,42213,sell,S_Add,1,Short_Add,2026-07-28T01:00:00Z,EXECUTED:success,"{""ticker"": ""MXF1!"", ""target_pos"": -2, ""signal_price"": 42213, ""order_id"": ""Short_Add"", ""order_action"": ""sell"", ""order_comment"": ""S_Add"", ""order_contracts"": 1, ""timestamp"": ""2026-07-28T01:00:00Z""}"
2026-07-28T09:12:26+08:00,MXF1!,-1,42090,buy,S_Exit,1,S_Exit,2026-07-28T01:10:00Z,EXECUTED:success,"{""ticker"": ""MXF1!"", ""target_pos"": -1, ""signal_price"": 42090, ""order_id"": ""S_Exit"", ""order_action"": ""buy"", ""order_comment"": ""S_Exit"", ""order_contracts"": 1, ""timestamp"": ""2026-07-28T01:10:00Z""}"
2026-07-28T09:15:08+08:00,MXF1!,-2,42000,sell,S_Add,1,Short_Add,2026-07-28T01:15:00Z,EXECUTED:success,"{""ticker"": ""MXF1!"", ""target_pos"": -2, ""signal_price"": 42000, ""order_id"": ""Short_Add"", ""order_action"": ""sell"", ""order_comment"": ""S_Add"", ""order_contracts"": 1, ""timestamp"": ""2026-07-28T01:15:00Z""}"
2026-07-28T10:05:03+08:00,MXF1!,-3,41950,sell,S_Add,1,Short_Add,2026-07-28T02:05:00Z,EXECUTED:success,"{""ticker"": ""MXF1!"", ""target_pos"": -3, ""signal_price"": 41950, ""order_id"": ""Short_Add"", ""order_action"": ""sell"", ""order_comment"": ""S_Add"", ""order_contracts"": 1, ""timestamp"": ""2026-07-28T02:05:00Z""}"
2026-07-28T10:10:01+08:00,MXF1!,-4,41917,sell,S_G_進,1,Short_G,2026-07-28T02:10:00Z,EXECUTED:success,"{""ticker"": ""MXF1!"", ""target_pos"": -4, ""signal_price"": 41917, ""order_id"": ""Short_G"", ""order_action"": ""sell"", ""order_comment"": ""S_G_進"", ""order_contracts"": 1, ""timestamp"": ""2026-07-28T02:10:00Z""}"
2026-07-28T11:07:55+08:00,MXF1!,-3,41782,buy,S_Exit_G,1,S_Exit_G,2026-07-28T03:05:00Z,EXECUTED:success,"{""ticker"": ""MXF1!"", ""target_pos"": -3, ""signal_price"": 41782, ""order_id"": ""S_Exit_G"", ""order_action"": ""buy"", ""order_comment"": ""S_Exit_G"", ""order_contracts"": 1, ""timestamp"": ""2026-07-28T03:05:00Z""}"
2026-07-28T11:10:01+08:00,MXF1!,-4,41750,sell,S_G_進,1,Short_G,2026-07-28T03:10:00Z,EXECUTED:success,"{""ticker"": ""MXF1!"", ""target_pos"": -4, ""signal_price"": 41750, ""order_id"": ""Short_G"", ""order_action"": ""sell"", ""order_comment"": ""S_G_進"", ""order_contracts"": 1, ""timestamp"": ""2026-07-28T03:10:00Z""}"
2026-07-28T11:11:15+08:00,MXF1!,-3,41723,buy,S_Exit_Add,1,S_Exit_Add,2026-07-28T03:10:00Z,EXECUTED:success,"{""ticker"": ""MXF1!"", ""target_pos"": -3, ""signal_price"": 41723, ""order_id"": ""S_Exit_Add"", ""order_action"": ""buy"", ""order_comment"": ""S_Exit_Add"", ""order_contracts"": 1, ""timestamp"": ""2026-07-28T03:10:00Z""}"
2026-07-28T11:45:03+08:00,MXF1!,-2,42245,buy,S_G_Cut,1,Close entry(s) order Short_G,2026-07-28T03:45:00Z,EXECUTED:success,"{""ticker"": ""MXF1!"", ""target_pos"": -2, ""signal_price"": 42245, ""order_id"": ""Close entry(s) order Short_G"", ""order_action"": ""buy"", ""order_comment"": ""S_G_Cut"", ""order_contracts"": 1, ""timestamp"": ""2026-07-28T03:45:00Z""}"
2026-07-28T13:35:17+08:00,MXF1!,-1,41652,buy,S_Exit_Add,1,S_Exit_Add,2026-07-28T05:35:00Z,EXECUTED:success,"{""ticker"": ""MXF1!"", ""target_pos"": -1, ""signal_price"": 41652, ""order_id"": ""S_Exit_Add"", ""order_action"": ""buy"", ""order_comment"": ""S_Exit_Add"", ""order_contracts"": 1, ""timestamp"": ""2026-07-28T05:35:00Z""}"
2026-07-28T13:35:21+08:00,MXF1!,-2,41652,sell,S_Add,1,Short_Add,2026-07-28T05:35:00Z,EXECUTED:success,"{""ticker"": ""MXF1!"", ""target_pos"": -2, ""signal_price"": 41652, ""order_id"": ""Short_Add"", ""order_action"": ""sell"", ""order_comment"": ""S_Add"", ""order_contracts"": 1, ""timestamp"": ""2026-07-28T05:35:00Z""}"
2026-07-28T13:43:36+08:00,MXF1!,-1,41633,buy,S_Exit_Add,1,S_Exit_Add,2026-07-28T05:40:00Z,EXECUTED:success,"{""ticker"": ""MXF1!"", ""target_pos"": -1, ""signal_price"": 41633, ""order_id"": ""S_Exit_Add"", ""order_action"": ""buy"", ""order_comment"": ""S_Exit_Add"", ""order_contracts"": 1, ""timestamp"": ""2026-07-28T05:40:00Z""}"
2026-07-28T19:05:12+08:00,MXF1!,0,41332,buy,S_Exit_Add,1,S_Exit_Add,2026-07-28T11:05:00Z,EXECUTED:success,"{""ticker"": ""MXF1!"", ""target_pos"": 0, ""signal_price"": 41332, ""order_id"": ""S_Exit_Add"", ""order_action"": ""buy"", ""order_comment"": ""S_Exit_Add"", ""order_contracts"": 1, ""timestamp"": ""2026-07-28T11:05:00Z""}"
2026-07-29T09:00:13+08:00,MXF1!,-1,41699,sell,S_Cmd,1,Short_Cmd,2026-07-29T01:00:00Z,EXECUTED:success,"{""ticker"": ""MXF1!"", ""target_pos"": -1, ""signal_price"": 41699, ""order_id"": ""Short_Cmd"", ""order_action"": ""sell"", ""order_comment"": ""S_Cmd"", ""order_contracts"": 1, ""timestamp"": ""2026-07-29T01:00:00Z""}"
2026-07-29T09:08:52+08:00,MXF1!,0,41489,buy,S_Exit,1,S_Exit,2026-07-29T01:05:00Z,EXECUTED:success,"{""ticker"": ""MXF1!"", ""target_pos"": 0, ""signal_price"": 41489, ""order_id"": ""S_Exit"", ""order_action"": ""buy"", ""order_comment"": ""S_Exit"", ""order_contracts"": 1, ""timestamp"": ""2026-07-29T01:05:00Z""}"
2026-07-29T09:10:13+08:00,MXF1!,-1,41420,sell,S_Cmd,1,Short_Cmd,2026-07-29T01:10:00Z,EXECUTED:success,"{""ticker"": ""MXF1!"", ""target_pos"": -1, ""signal_price"": 41420, ""order_id"": ""Short_Cmd"", ""order_action"": ""sell"", ""order_comment"": ""S_Cmd"", ""order_contracts"": 1, ""timestamp"": ""2026-07-29T01:10:00Z""}"
2026-07-29T09:16:09+08:00,MXF1!,-2,41040,sell,S_Add,1,Short_Add,2026-07-29T01:15:00Z,"ERROR:下單異常: Topic: api/v1/order/place_order, Corr: c39, Client: PYAPI/D122885145/0729/005901/845680/35.212","{""ticker"": ""MXF1!"", ""target_pos"": -2, ""signal_price"": 41040, ""order_id"": ""Short_Add"", ""order_action"": ""sell"", ""order_comment"": ""S_Add"", ""order_contracts"": 1, ""timestamp"": ""2026-07-29T01:15:00Z""}"
2026-07-29T09:23:08+08:00,MXF1!,-1,41420,buy,S_BE,1,S_BE,2026-07-29T01:20:00Z,EXECUTED:success,"{""ticker"": ""MXF1!"", ""target_pos"": -1, ""signal_price"": 41420, ""order_id"": ""S_BE"", ""order_action"": ""buy"", ""order_comment"": ""S_BE"", ""order_contracts"": 1, ""timestamp"": ""2026-07-29T01:20:00Z""}"
2026-07-29T09:56:18+08:00,MXF1!,-2,40861,sell,S_Add,1,Short_Add,2026-07-29T01:55:00Z,EXECUTED:success,"{""ticker"": ""MXF1!"", ""target_pos"": -2, ""signal_price"": 40861, ""order_id"": ""Short_Add"", ""order_action"": ""sell"", ""order_comment"": ""S_Add"", ""order_contracts"": 1, ""timestamp"": ""2026-07-29T01:55:00Z""}"
2026-07-29T10:00:22+08:00,MXF1!,-3,40593,sell,S_Add,1,Short_Add,2026-07-29T02:00:00Z,EXECUTED:success,"{""ticker"": ""MXF1!"", ""target_pos"": -3, ""signal_price"": 40593, ""order_id"": ""Short_Add"", ""order_action"": ""sell"", ""order_comment"": ""S_Add"", ""order_contracts"": 1, ""timestamp"": ""2026-07-29T02:00:00Z""}"
2026-07-29T10:05:07+08:00,MXF1!,-4,40633,sell,S_G_進,1,Short_G,2026-07-29T02:05:00Z,EXECUTED:success,"{""ticker"": ""MXF1!"", ""target_pos"": -4, ""signal_price"": 40633, ""order_id"": ""Short_G"", ""order_action"": ""sell"", ""order_comment"": ""S_G_進"", ""order_contracts"": 1, ""timestamp"": ""2026-07-29T02:05:00Z""}"
2026-07-29T10:45:13+08:00,MXF1!,-4,40366,sell,S_G_進,1,Short_G,2026-07-29T02:45:00Z,EXECUTED:success,"{""ticker"": ""MXF1!"", ""target_pos"": -4, ""signal_price"": 40366, ""order_id"": ""Short_G"", ""order_action"": ""sell"", ""order_comment"": ""S_G_進"", ""order_contracts"": 1, ""timestamp"": ""2026-07-29T02:45:00Z""}"
2026-07-29T10:49:41+08:00,MXF1!,-3,40233,buy,S_Exit_Add,1,S_Exit_Add,2026-07-29T02:45:00Z,EXECUTED:success,"{""ticker"": ""MXF1!"", ""target_pos"": -3, ""signal_price"": 40233, ""order_id"": ""S_Exit_Add"", ""order_action"": ""buy"", ""order_comment"": ""S_Exit_Add"", ""order_contracts"": 1, ""timestamp"": ""2026-07-29T02:45:00Z""}"
2026-07-29T10:50:01+08:00,MXF1!,-4,40208,sell,S_G_進,1,Short_G,2026-07-29T02:50:00Z,EXECUTED:success,"{""ticker"": ""MXF1!"", ""target_pos"": -4, ""signal_price"": 40208, ""order_id"": ""Short_G"", ""order_action"": ""sell"", ""order_comment"": ""S_G_進"", ""order_contracts"": 1, ""timestamp"": ""2026-07-29T02:50:00Z""}"
2026-07-29T10:50:31+08:00,MXF1!,-3,40200,buy,S_Exit_G,1,S_Exit_G,2026-07-29T02:50:00Z,EXECUTED:success,"{""ticker"": ""MXF1!"", ""target_pos"": -3, ""signal_price"": 40200, ""order_id"": ""S_Exit_G"", ""order_action"": ""buy"", ""order_comment"": ""S_Exit_G"", ""order_contracts"": 1, ""timestamp"": ""2026-07-29T02:50:00Z""}"
2026-07-29T10:55:04+08:00,MXF1!,-4,40192,sell,S_G_進,1,Short_G,2026-07-29T02:55:00Z,EXECUTED:success,"{""ticker"": ""MXF1!"", ""target_pos"": -4, ""signal_price"": 40192, ""order_id"": ""Short_G"", ""order_action"": ""sell"", ""order_comment"": ""S_G_進"", ""order_contracts"": 1, ""timestamp"": ""2026-07-29T02:55:00Z""}"
2026-07-29T11:37:53+08:00,MXF1!,-3,40039,buy,S_Exit_G,1,S_Exit_G,2026-07-29T03:35:00Z,EXECUTED:success,"{""ticker"": ""MXF1!"", ""target_pos"": -3, ""signal_price"": 40039, ""order_id"": ""S_Exit_G"", ""order_action"": ""buy"", ""order_comment"": ""S_Exit_G"", ""order_contracts"": 1, ""timestamp"": ""2026-07-29T03:35:00Z""}"
2026-07-29T11:38:58+08:00,MXF1!,-2,40017,buy,S_Exit_G,1,S_Exit_G,2026-07-29T03:35:00Z,EXECUTED:success,"{""ticker"": ""MXF1!"", ""target_pos"": -2, ""signal_price"": 40017, ""order_id"": ""S_Exit_G"", ""order_action"": ""buy"", ""order_comment"": ""S_Exit_G"", ""order_contracts"": 1, ""timestamp"": ""2026-07-29T03:35:00Z""}"
2026-07-29T11:40:04+08:00,MXF1!,-3,40024,sell,S_Add,1,Short_Add,2026-07-29T03:40:00Z,EXECUTED:success,"{""ticker"": ""MXF1!"", ""target_pos"": -3, ""signal_price"": 40024, ""order_id"": ""Short_Add"", ""order_action"": ""sell"", ""order_comment"": ""S_Add"", ""order_contracts"": 1, ""timestamp"": ""2026-07-29T03:40:00Z""}"
2026-07-29T11:41:13+08:00,MXF1!,-2,40003,buy,S_Exit_Add,1,S_Exit_Add,2026-07-29T03:40:00Z,EXECUTED:success,"{""ticker"": ""MXF1!"", ""target_pos"": -2, ""signal_price"": 40003, ""order_id"": ""S_Exit_Add"", ""order_action"": ""buy"", ""order_comment"": ""S_Exit_Add"", ""order_contracts"": 1, ""timestamp"": ""2026-07-29T03:40:00Z""}"
2026-07-29T11:54:25+08:00,MXF1!,-1,39842,buy,S_Exit_Add,1,S_Exit_Add,2026-07-29T03:50:00Z,EXECUTED:success,"{""ticker"": ""MXF1!"", ""target_pos"": -1, ""signal_price"": 39842, ""order_id"": ""S_Exit_Add"", ""order_action"": ""buy"", ""order_comment"": ""S_Exit_Add"", ""order_contracts"": 1, ""timestamp"": ""2026-07-29T03:50:00Z""}"
2026-07-29T11:55:03+08:00,MXF1!,-2,39848,sell,S_Add,1,Short_Add,2026-07-29T03:55:00Z,EXECUTED:success,"{""ticker"": ""MXF1!"", ""target_pos"": -2, ""signal_price"": 39848, ""order_id"": ""Short_Add"", ""order_action"": ""sell"", ""order_comment"": ""S_Add"", ""order_contracts"": 1, ""timestamp"": ""2026-07-29T03:55:00Z""}"
2026-07-29T12:00:16+08:00,MXF1!,-3,39800,sell,S_Add,1,Short_Add,2026-07-29T04:00:00Z,EXECUTED:success,"{""ticker"": ""MXF1!"", ""target_pos"": -3, ""signal_price"": 39800, ""order_id"": ""Short_Add"", ""order_action"": ""sell"", ""order_comment"": ""S_Add"", ""order_contracts"": 1, ""timestamp"": ""2026-07-29T04:00:00Z""}"
2026-07-29T12:05:01+08:00,MXF1!,-4,39747,sell,S_G_進,1,Short_G,2026-07-29T04:05:00Z,EXECUTED:success,"{""ticker"": ""MXF1!"", ""target_pos"": -4, ""signal_price"": 39747, ""order_id"": ""Short_G"", ""order_action"": ""sell"", ""order_comment"": ""S_G_進"", ""order_contracts"": 1, ""timestamp"": ""2026-07-29T04:05:00Z""}"
2026-07-29T12:40:46+08:00,MXF1!,-3,39616,buy,S_Exit_G,1,S_Exit_G,2026-07-29T04:40:00Z,EXECUTED:success,"{""ticker"": ""MXF1!"", ""target_pos"": -3, ""signal_price"": 39616, ""order_id"": ""S_Exit_G"", ""order_action"": ""buy"", ""order_comment"": ""S_Exit_G"", ""order_contracts"": 1, ""timestamp"": ""2026-07-29T04:40:00Z""}"
2026-07-29T12:44:16+08:00,MXF1!,-2,39497,buy,S_Exit_Add,1,S_Exit_Add,2026-07-29T04:40:00Z,EXECUTED:success,"{""ticker"": ""MXF1!"", ""target_pos"": -2, ""signal_price"": 39497, ""order_id"": ""S_Exit_Add"", ""order_action"": ""buy"", ""order_comment"": ""S_Exit_Add"", ""order_contracts"": 1, ""timestamp"": ""2026-07-29T04:40:00Z""}"
2026-07-29T12:45:05+08:00,MXF1!,-3,39488,sell,S_Add,1,Short_Add,2026-07-29T04:45:00Z,EXECUTED:success,"{""ticker"": ""MXF1!"", ""target_pos"": -3, ""signal_price"": 39488, ""order_id"": ""Short_Add"", ""order_action"": ""sell"", ""order_comment"": ""S_Add"", ""order_contracts"": 1, ""timestamp"": ""2026-07-29T04:45:00Z""}"
2026-07-29T13:02:15+08:00,MXF1!,-2,40245,buy,S_Exit_Add,1,S_Exit_Add,2026-07-29T05:00:00Z,EXECUTED:success,"{""ticker"": ""MXF1!"", ""target_pos"": -2, ""signal_price"": 40245, ""order_id"": ""S_Exit_Add"", ""order_action"": ""buy"", ""order_comment"": ""S_Exit_Add"", ""order_contracts"": 1, ""timestamp"": ""2026-07-29T05:00:00Z""}"
2026-07-29T15:00:04+08:00,MXF1!,-1,40596,buy,S_Exit_Add,1,S_Exit_Add,2026-07-29T07:00:00Z,EXECUTED:success,"{""ticker"": ""MXF1!"", ""target_pos"": -1, ""signal_price"": 40596, ""order_id"": ""S_Exit_Add"", ""order_action"": ""buy"", ""order_comment"": ""S_Exit_Add"", ""order_contracts"": 1, ""timestamp"": ""2026-07-29T07:00:00Z""}"
2026-07-29T15:00:08+08:00,MXF1!,0,40650,buy,S_Exit_Add,1,S_Exit_Add,2026-07-29T07:00:00Z,EXECUTED:success,"{""ticker"": ""MXF1!"", ""target_pos"": 0, ""signal_price"": 40650, ""order_id"": ""S_Exit_Add"", ""order_action"": ""buy"", ""order_comment"": ""S_Exit_Add"", ""order_contracts"": 1, ""timestamp"": ""2026-07-29T07:00:00Z""}"
2026-07-29T22:30:13+08:00,MXF1!,-1,40374,sell,S_Cmd,1,Short_Cmd,2026-07-29T14:30:00Z,EXECUTED:success,"{""ticker"": ""MXF1!"", ""target_pos"": -1, ""signal_price"": 40374, ""order_id"": ""Short_Cmd"", ""order_action"": ""sell"", ""order_comment"": ""S_Cmd"", ""order_contracts"": 1, ""timestamp"": ""2026-07-29T14:30:00Z""}"
2026-07-29T22:45:07+08:00,MXF1!,-2,40171,sell,S_Add,1,Short_Add,2026-07-29T14:45:00Z,EXECUTED:success,"{""ticker"": ""MXF1!"", ""target_pos"": -2, ""signal_price"": 40171, ""order_id"": ""Short_Add"", ""order_action"": ""sell"", ""order_comment"": ""S_Add"", ""order_contracts"": 1, ""timestamp"": ""2026-07-29T14:45:00Z""}"
2026-07-29T23:55:06+08:00,MXF1!,-3,40125,sell,S_Add,1,Short_Add,2026-07-29T15:55:00Z,EXECUTED:success,"{""ticker"": ""MXF1!"", ""target_pos"": -3, ""signal_price"": 40125, ""order_id"": ""Short_Add"", ""order_action"": ""sell"", ""order_comment"": ""S_Add"", ""order_contracts"": 1, ""timestamp"": ""2026-07-29T15:55:00Z""}"
2026-07-30T00:05:08+08:00,MXF1!,-4,40017,sell,S_G_進,1,Short_G,2026-07-29T16:05:00Z,EXECUTED:success,"{""ticker"": ""MXF1!"", ""target_pos"": -4, ""signal_price"": 40017, ""order_id"": ""Short_G"", ""order_action"": ""sell"", ""order_comment"": ""S_G_進"", ""order_contracts"": 1, ""timestamp"": ""2026-07-29T16:05:00Z""}"
2026-07-30T00:05:28+08:00,MXF1!,-3,39969,buy,S_Exit,1,S_Exit,2026-07-29T16:05:00Z,EXECUTED:success,"{""ticker"": ""MXF1!"", ""target_pos"": -3, ""signal_price"": 39969, ""order_id"": ""S_Exit"", ""order_action"": ""buy"", ""order_comment"": ""S_Exit"", ""order_contracts"": 1, ""timestamp"": ""2026-07-29T16:05:00Z""}"
2026-07-30T00:15:04+08:00,MXF1!,-4,39935,sell,S_G_進,1,Short_G,2026-07-29T16:15:00Z,EXECUTED:success,"{""ticker"": ""MXF1!"", ""target_pos"": -4, ""signal_price"": 39935, ""order_id"": ""Short_G"", ""order_action"": ""sell"", ""order_comment"": ""S_G_進"", ""order_contracts"": 1, ""timestamp"": ""2026-07-29T16:15:00Z""}"
2026-07-30T00:55:11+08:00,MXF1!,-2,40293,buy,S_G_Cut,2,Close entry(s) order Short_G,2026-07-29T16:55:00Z,EXECUTED:success,"{""ticker"": ""MXF1!"", ""target_pos"": -2, ""signal_price"": 40293, ""order_id"": ""Close entry(s) order Short_G"", ""order_action"": ""buy"", ""order_comment"": ""S_G_Cut"", ""order_contracts"": 2, ""timestamp"": ""2026-07-29T16:55:00Z""}"
2026-07-30T01:15:06+08:00,MXF1!,0,40671,buy,Trend Rev,2,Close position order,2026-07-29T17:15:00Z,EXECUTED:success,"{""ticker"": ""MXF1!"", ""target_pos"": 0, ""signal_price"": 40671, ""order_id"": ""Close position order"", ""order_action"": ""buy"", ""order_comment"": ""Trend Rev"", ""order_contracts"": 2, ""timestamp"": ""2026-07-29T17:15:00Z""}"
2026-07-30T03:35:09+08:00,MXF1!,-1,40428,sell,S_Cmd,1,Short_Cmd,2026-07-29T19:35:00Z,EXECUTED:success,"{""ticker"": ""MXF1!"", ""target_pos"": -1, ""signal_price"": 40428, ""order_id"": ""Short_Cmd"", ""order_action"": ""sell"", ""order_comment"": ""S_Cmd"", ""order_contracts"": 1, ""timestamp"": ""2026-07-29T19:35:00Z""}"
2026-07-30T03:40:07+08:00,MXF1!,-2,40188,sell,S_Add,1,Short_Add,2026-07-29T19:40:00Z,EXECUTED:success,"{""ticker"": ""MXF1!"", ""target_pos"": -2, ""signal_price"": 40188, ""order_id"": ""Short_Add"", ""order_action"": ""sell"", ""order_comment"": ""S_Add"", ""order_contracts"": 1, ""timestamp"": ""2026-07-29T19:40:00Z""}"
2026-07-30T03:55:06+08:00,MXF1!,-3,40069,sell,S_Add,1,Short_Add,2026-07-29T19:55:00Z,EXECUTED:success,"{""ticker"": ""MXF1!"", ""target_pos"": -3, ""signal_price"": 40069, ""order_id"": ""Short_Add"", ""order_action"": ""sell"", ""order_comment"": ""S_Add"", ""order_contracts"": 1, ""timestamp"": ""2026-07-29T19:55:00Z""}"
2026-07-30T04:00:08+08:00,MXF1!,-4,39962,sell,S_G_進,1,Short_G,2026-07-29T20:00:00Z,EXECUTED:success,"{""ticker"": ""MXF1!"", ""target_pos"": -4, ""signal_price"": 39962, ""order_id"": ""Short_G"", ""order_action"": ""sell"", ""order_comment"": ""S_G_進"", ""order_contracts"": 1, ""timestamp"": ""2026-07-29T20:00:00Z""}"
2026-07-30T04:00:40+08:00,MXF1!,-3,39883,buy,S_Exit,1,S_Exit,2026-07-29T20:00:00Z,EXECUTED:success,"{""ticker"": ""MXF1!"", ""target_pos"": -3, ""signal_price"": 39883, ""order_id"": ""S_Exit"", ""order_action"": ""buy"", ""order_comment"": ""S_Exit"", ""order_contracts"": 1, ""timestamp"": ""2026-07-29T20:00:00Z""}"
2026-07-30T04:02:09+08:00,MXF1!,-2,39695,buy,S_Exit_G,1,S_Exit_G,2026-07-29T20:00:00Z,EXECUTED:success,"{""ticker"": ""MXF1!"", ""target_pos"": -2, ""signal_price"": 39695, ""order_id"": ""S_Exit_G"", ""order_action"": ""buy"", ""order_comment"": ""S_Exit_G"", ""order_contracts"": 1, ""timestamp"": ""2026-07-29T20:00:00Z""}"
2026-07-30T04:02:15+08:00,MXF1!,-1,39632,buy,S_Exit_Add,1,S_Exit_Add,2026-07-29T20:00:00Z,EXECUTED:success,"{""ticker"": ""MXF1!"", ""target_pos"": -1, ""signal_price"": 39632, ""order_id"": ""S_Exit_Add"", ""order_action"": ""buy"", ""order_comment"": ""S_Exit_Add"", ""order_contracts"": 1, ""timestamp"": ""2026-07-29T20:00:00Z""}"
2026-07-30T04:05:07+08:00,MXF1!,-2,39776,sell,S_Add,1,Short_Add,2026-07-29T20:05:00Z,EXECUTED:success,"{""ticker"": ""MXF1!"", ""target_pos"": -2, ""signal_price"": 39776, ""order_id"": ""Short_Add"", ""order_action"": ""sell"", ""order_comment"": ""S_Add"", ""order_contracts"": 1, ""timestamp"": ""2026-07-29T20:05:00Z""}"
2026-07-30T04:15:04+08:00,MXF1!,-3,39683,sell,S_Add,1,Short_Add,2026-07-29T20:15:00Z,EXECUTED:success,"{""ticker"": ""MXF1!"", ""target_pos"": -3, ""signal_price"": 39683, ""order_id"": ""Short_Add"", ""order_action"": ""sell"", ""order_comment"": ""S_Add"", ""order_contracts"": 1, ""timestamp"": ""2026-07-29T20:15:00Z""}"
2026-07-30T04:25:04+08:00,MXF1!,-4,39590,sell,S_G_進,1,Short_G,2026-07-29T20:25:00Z,EXECUTED:success,"{""ticker"": ""MXF1!"", ""target_pos"": -4, ""signal_price"": 39590, ""order_id"": ""Short_G"", ""order_action"": ""sell"", ""order_comment"": ""S_G_進"", ""order_contracts"": 1, ""timestamp"": ""2026-07-29T20:25:00Z""}"
2026-07-30T04:27:37+08:00,MXF1!,-3,39483,buy,S_Exit_Add,1,S_Exit_Add,2026-07-29T20:25:00Z,EXECUTED:success,"{""ticker"": ""MXF1!"", ""target_pos"": -3, ""signal_price"": 39483, ""order_id"": ""S_Exit_Add"", ""order_action"": ""buy"", ""order_comment"": ""S_Exit_Add"", ""order_contracts"": 1, ""timestamp"": ""2026-07-29T20:25:00Z""}"
2026-07-30T08:50:05+08:00,MXF1!,-2,40205,buy,S_G_Cut,1,Close entry(s) order Short_G,2026-07-30T00:50:00Z,EXECUTED:success,"{""ticker"": ""MXF1!"", ""target_pos"": -2, ""signal_price"": 40205, ""order_id"": ""Close entry(s) order Short_G"", ""order_action"": ""buy"", ""order_comment"": ""S_G_Cut"", ""order_contracts"": 1, ""timestamp"": ""2026-07-30T00:50:00Z""}"
2026-07-30T09:07:17+08:00,MXF1!,0,40651,buy,S_Exit_Add,1,S_Exit_Add,2026-07-30T01:05:00Z,EXECUTED:success,"{""ticker"": ""MXF1!"", ""target_pos"": 0, ""signal_price"": 40651, ""order_id"": ""S_Exit_Add"", ""order_action"": ""buy"", ""order_comment"": ""S_Exit_Add"", ""order_contracts"": 1, ""timestamp"": ""2026-07-30T01:05:00Z""}"
2026-07-30T09:07:45+08:00,MXF1!,-1,40563,buy,S_Exit_Add,1,S_Exit_Add,2026-07-30T01:05:00Z,EXECUTED:success,"{""ticker"": ""MXF1!"", ""target_pos"": -1, ""signal_price"": 40563, ""order_id"": ""S_Exit_Add"", ""order_action"": ""buy"", ""order_comment"": ""S_Exit_Add"", ""order_contracts"": 1, ""timestamp"": ""2026-07-30T01:05:00Z""}"
2026-07-30T11:20:03+08:00,MXF1!,-1,40312,sell,S_Cmd,1,Short_Cmd,2026-07-30T03:20:00Z,EXECUTED:success,"{""ticker"": ""MXF1!"", ""target_pos"": -1, ""signal_price"": 40312, ""order_id"": ""Short_Cmd"", ""order_action"": ""sell"", ""order_comment"": ""S_Cmd"", ""order_contracts"": 1, ""timestamp"": ""2026-07-30T03:20:00Z""}"
2026-07-30T11:35:04+08:00,MXF1!,0,40528,buy,S_Cmd_Fast,1,Close entry(s) order Short_Cmd,2026-07-30T03:35:00Z,EXECUTED:success,"{""ticker"": ""MXF1!"", ""target_pos"": 0, ""signal_price"": 40528, ""order_id"": ""Close entry(s) order Short_Cmd"", ""order_action"": ""buy"", ""order_comment"": ""S_Cmd_Fast"", ""order_contracts"": 1, ""timestamp"": ""2026-07-30T03:35:00Z""}"
2026-07-30T12:55:04+08:00,MXF1!,-1,40126,sell,S_Cmd,1,Short_Cmd,2026-07-30T04:55:00Z,EXECUTED:success,"{""ticker"": ""MXF1!"", ""target_pos"": -1, ""signal_price"": 40126, ""order_id"": ""Short_Cmd"", ""order_action"": ""sell"", ""order_comment"": ""S_Cmd"", ""order_contracts"": 1, ""timestamp"": ""2026-07-30T04:55:00Z""}"
2026-07-30T13:05:04+08:00,MXF1!,-2,39874,sell,S_Add,1,Short_Add,2026-07-30T05:05:00Z,EXECUTED:success,"{""ticker"": ""MXF1!"", ""target_pos"": -2, ""signal_price"": 39874, ""order_id"": ""Short_Add"", ""order_action"": ""sell"", ""order_comment"": ""S_Add"", ""order_contracts"": 1, ""timestamp"": ""2026-07-30T05:05:00Z""}"
2026-07-30T16:25:11+08:00,MXF1!,-1,40235,buy,S_Cmd_Fast,1,Close entry(s) order Short_Cmd,2026-07-30T08:25:00Z,EXECUTED:success,"{""ticker"": ""MXF1!"", ""target_pos"": -1, ""signal_price"": 40235, ""order_id"": ""Close entry(s) order Short_Cmd"", ""order_action"": ""buy"", ""order_comment"": ""S_Cmd_Fast"", ""order_contracts"": 1, ""timestamp"": ""2026-07-30T08:25:00Z""}"
2026-07-30T17:25:13+08:00,MXF1!,0,40346,buy,Trend Rev,1,Close position order,2026-07-30T09:25:00Z,EXECUTED:success,"{""ticker"": ""MXF1!"", ""target_pos"": 0, ""signal_price"": 40346, ""order_id"": ""Close position order"", ""order_action"": ""buy"", ""order_comment"": ""Trend Rev"", ""order_contracts"": 1, ""timestamp"": ""2026-07-30T09:25:00Z""}"
2026-07-31T09:05:44+08:00,MXF1!,1,43076,buy,L_Cmd,1,Long_Cmd,2026-07-31T01:05:00Z,EXECUTED:success,"{""ticker"": ""MXF1!"", ""target_pos"": 1, ""signal_price"": 43076, ""order_id"": ""Long_Cmd"", ""order_action"": ""buy"", ""order_comment"": ""L_Cmd"", ""order_contracts"": 1, ""timestamp"": ""2026-07-31T01:05:00Z""}"
2026-07-31T09:15:39+08:00,MXF1!,2,43223,buy,L_Add,1,Long_Add,2026-07-31T01:15:00Z,EXECUTED:success,"{""ticker"": ""MXF1!"", ""target_pos"": 2, ""signal_price"": 43223, ""order_id"": ""Long_Add"", ""order_action"": ""buy"", ""order_comment"": ""L_Add"", ""order_contracts"": 1, ""timestamp"": ""2026-07-31T01:15:00Z""}"
2026-07-31T09:20:28+08:00,MXF1!,3,43337,buy,L_Add,1,Long_Add,2026-07-31T01:20:00Z,EXECUTED:success,"{""ticker"": ""MXF1!"", ""target_pos"": 3, ""signal_price"": 43337, ""order_id"": ""Long_Add"", ""order_action"": ""buy"", ""order_comment"": ""L_Add"", ""order_contracts"": 1, ""timestamp"": ""2026-07-31T01:20:00Z""}"
2026-07-31T09:25:04+08:00,MXF1!,4,43405,buy,L_G_進,1,Long_G,2026-07-31T01:25:00Z,EXECUTED:success,"{""ticker"": ""MXF1!"", ""target_pos"": 4, ""signal_price"": 43405, ""order_id"": ""Long_G"", ""order_action"": ""buy"", ""order_comment"": ""L_G_進"", ""order_contracts"": 1, ""timestamp"": ""2026-07-31T01:25:00Z""}"
2026-07-31T10:01:36+08:00,MXF1!,3,43506,sell,L_Exit_G,1,L_Exit_G,2026-07-31T02:00:00Z,EXECUTED:success,"{""ticker"": ""MXF1!"", ""target_pos"": 3, ""signal_price"": 43506, ""order_id"": ""L_Exit_G"", ""order_action"": ""sell"", ""order_comment"": ""L_Exit_G"", ""order_contracts"": 1, ""timestamp"": ""2026-07-31T02:00:00Z""}"
2026-07-31T10:35:05+08:00,MXF1!,4,43502,buy,L_G_進,1,Long_G,2026-07-31T02:35:00Z,EXECUTED:success,"{""ticker"": ""MXF1!"", ""target_pos"": 4, ""signal_price"": 43502, ""order_id"": ""Long_G"", ""order_action"": ""buy"", ""order_comment"": ""L_G_進"", ""order_contracts"": 1, ""timestamp"": ""2026-07-31T02:35:00Z""}"
2026-07-31T10:46:19+08:00,MXF1!,3,43597,sell,L_Exit_G,1,L_Exit_G,2026-07-31T02:45:00Z,EXECUTED:success,"{""ticker"": ""MXF1!"", ""target_pos"": 3, ""signal_price"": 43597, ""order_id"": ""L_Exit_G"", ""order_action"": ""sell"", ""order_comment"": ""L_Exit_G"", ""order_contracts"": 1, ""timestamp"": ""2026-07-31T02:45:00Z""}"
2026-07-31T10:50:03+08:00,MXF1!,4,43622,buy,L_G_進,1,Long_G,2026-07-31T02:50:00Z,EXECUTED:success,"{""ticker"": ""MXF1!"", ""target_pos"": 4, ""signal_price"": 43622, ""order_id"": ""Long_G"", ""order_action"": ""buy"", ""order_comment"": ""L_G_進"", ""order_contracts"": 1, ""timestamp"": ""2026-07-31T02:50:00Z""}"
2026-07-31T10:53:21+08:00,MXF1!,3,43685,sell,L_Exit,1,L_Exit,2026-07-31T02:50:00Z,EXECUTED:success,"{""ticker"": ""MXF1!"", ""target_pos"": 3, ""signal_price"": 43685, ""order_id"": ""L_Exit"", ""order_action"": ""sell"", ""order_comment"": ""L_Exit"", ""order_contracts"": 1, ""timestamp"": ""2026-07-31T02:50:00Z""}"
2026-07-31T10:55:04+08:00,MXF1!,4,43684,buy,L_G_進,1,Long_G,2026-07-31T02:55:00Z,EXECUTED:success,"{""ticker"": ""MXF1!"", ""target_pos"": 4, ""signal_price"": 43684, ""order_id"": ""Long_G"", ""order_action"": ""buy"", ""order_comment"": ""L_G_進"", ""order_contracts"": 1, ""timestamp"": ""2026-07-31T02:55:00Z""}"
2026-07-31T10:56:01+08:00,MXF1!,3,43722,sell,L_Exit_G,1,L_Exit_G,2026-07-31T02:55:00Z,EXECUTED:success,"{""ticker"": ""MXF1!"", ""target_pos"": 3, ""signal_price"": 43722, ""order_id"": ""L_Exit_G"", ""order_action"": ""sell"", ""order_comment"": ""L_Exit_G"", ""order_contracts"": 1, ""timestamp"": ""2026-07-31T02:55:00Z""}"
2026-07-31T10:57:15+08:00,MXF1!,2,43751,sell,L_Exit_Add,1,L_Exit_Add,2026-07-31T02:55:00Z,EXECUTED:success,"{""ticker"": ""MXF1!"", ""target_pos"": 2, ""signal_price"": 43751, ""order_id"": ""L_Exit_Add"", ""order_action"": ""sell"", ""order_comment"": ""L_Exit_Add"", ""order_contracts"": 1, ""timestamp"": ""2026-07-31T02:55:00Z""}"
2026-07-31T12:40:01+08:00,MXF1!,1,43792,sell,L_Exit_G,1,L_Exit_G,2026-07-31T04:35:00Z,EXECUTED:success,"{""ticker"": ""MXF1!"", ""target_pos"": 1, ""signal_price"": 43792, ""order_id"": ""L_Exit_G"", ""order_action"": ""sell"", ""order_comment"": ""L_Exit_G"", ""order_contracts"": 1, ""timestamp"": ""2026-07-31T04:35:00Z""}"
2026-07-31T12:42:57+08:00,MXF1!,0,43858,sell,L_Exit_Add,1,L_Exit_Add,2026-07-31T04:40:00Z,EXECUTED:success,"{""ticker"": ""MXF1!"", ""target_pos"": 0, ""signal_price"": 43858, ""order_id"": ""L_Exit_Add"", ""order_action"": ""sell"", ""order_comment"": ""L_Exit_Add"", ""order_contracts"": 1, ""timestamp"": ""2026-07-31T04:40:00Z""}"
2026-07-31T22:05:07+08:00,MXF1!,-1,42346,sell,S_Cmd,1,Short_Cmd,2026-07-31T14:05:00Z,EXECUTED:success,"{""ticker"": ""MXF1!"", ""target_pos"": -1, ""signal_price"": 42346, ""order_id"": ""Short_Cmd"", ""order_action"": ""sell"", ""order_comment"": ""S_Cmd"", ""order_contracts"": 1, ""timestamp"": ""2026-07-31T14:05:00Z""}"
2026-07-31T22:50:14+08:00,MXF1!,0,42742,buy,S_Exit,1,S_Exit,2026-07-31T14:50:00Z,EXECUTED:success,"{""ticker"": ""MXF1!"", ""target_pos"": 0, ""signal_price"": 42742, ""order_id"": ""S_Exit"", ""order_action"": ""buy"", ""order_comment"": ""S_Exit"", ""order_contracts"": 1, ""timestamp"": ""2026-07-31T14:50:00Z""}"
2026-08-03T08:50:07+08:00,MXF1!,1,43223,buy,L_Cmd,1,Long_Cmd,2026-08-03T00:50:00Z,EXECUTED:success,"{""ticker"": ""MXF1!"", ""target_pos"": 1, ""signal_price"": 43223, ""order_id"": ""Long_Cmd"", ""order_action"": ""buy"", ""order_comment"": ""L_Cmd"", ""order_contracts"": 1, ""timestamp"": ""2026-08-03T00:50:00Z""}"
2026-08-03T09:15:29+08:00,MXF1!,2,43360,buy,L_Add,1,Long_Add,2026-08-03T01:15:00Z,EXECUTED:success,"{""ticker"": ""MXF1!"", ""target_pos"": 2, ""signal_price"": 43360, ""order_id"": ""Long_Add"", ""order_action"": ""buy"", ""order_comment"": ""L_Add"", ""order_contracts"": 1, ""timestamp"": ""2026-08-03T01:15:00Z""}"
2026-08-03T09:25:04+08:00,MXF1!,3,43441,buy,L_Add,1,Long_Add,2026-08-03T01:25:00Z,EXECUTED:success,"{""ticker"": ""MXF1!"", ""target_pos"": 3, ""signal_price"": 43441, ""order_id"": ""Long_Add"", ""order_action"": ""buy"", ""order_comment"": ""L_Add"", ""order_contracts"": 1, ""timestamp"": ""2026-08-03T01:25:00Z""}"
2026-08-03T10:00:05+08:00,MXF1!,4,43545,buy,L_G_進,1,Long_G,2026-08-03T02:00:00Z,EXECUTED:success,"{""ticker"": ""MXF1!"", ""target_pos"": 4, ""signal_price"": 43545, ""order_id"": ""Long_G"", ""order_action"": ""buy"", ""order_comment"": ""L_G_進"", ""order_contracts"": 1, ""timestamp"": ""2026-08-03T02:00:00Z""}"
2026-08-03T10:14:47+08:00,MXF1!,3,43665,sell,L_Exit_G,1,L_Exit_G,2026-08-03T02:10:00Z,EXECUTED:success,"{""ticker"": ""MXF1!"", ""target_pos"": 3, ""signal_price"": 43665, ""order_id"": ""L_Exit_G"", ""order_action"": ""sell"", ""order_comment"": ""L_Exit_G"", ""order_contracts"": 1, ""timestamp"": ""2026-08-03T02:10:00Z""}"
2026-08-03T10:15:04+08:00,MXF1!,4,43665,buy,L_G_進,1,Long_G,2026-08-03T02:15:00Z,EXECUTED:success,"{""ticker"": ""MXF1!"", ""target_pos"": 4, ""signal_price"": 43665, ""order_id"": ""Long_G"", ""order_action"": ""buy"", ""order_comment"": ""L_G_進"", ""order_contracts"": 1, ""timestamp"": ""2026-08-03T02:15:00Z""}"
2026-08-03T10:17:54+08:00,MXF1!,3,43730,sell,L_Exit,1,L_Exit,2026-08-03T02:15:00Z,EXECUTED:success,"{""ticker"": ""MXF1!"", ""target_pos"": 3, ""signal_price"": 43730, ""order_id"": ""L_Exit"", ""order_action"": ""sell"", ""order_comment"": ""L_Exit"", ""order_contracts"": 1, ""timestamp"": ""2026-08-03T02:15:00Z""}"
2026-08-03T10:18:24+08:00,MXF1!,2,43792,sell,L_Exit_G,1,L_Exit_G,2026-08-03T02:15:00Z,EXECUTED:success,"{""ticker"": ""MXF1!"", ""target_pos"": 2, ""signal_price"": 43792, ""order_id"": ""L_Exit_G"", ""order_action"": ""sell"", ""order_comment"": ""L_Exit_G"", ""order_contracts"": 1, ""timestamp"": ""2026-08-03T02:15:00Z""}"
2026-08-03T10:20:05+08:00,MXF1!,3,43796,buy,L_Add,1,Long_Add,2026-08-03T02:20:00Z,EXECUTED:success,"{""ticker"": ""MXF1!"", ""target_pos"": 3, ""signal_price"": 43796, ""order_id"": ""Long_Add"", ""order_action"": ""buy"", ""order_comment"": ""L_Add"", ""order_contracts"": 1, ""timestamp"": ""2026-08-03T02:20:00Z""}"
2026-08-03T15:00:04+08:00,MXF1!,2,43001,sell,L_Exit_Add,1,L_Exit_Add,2026-08-03T07:00:00Z,EXECUTED:success,"{""ticker"": ""MXF1!"", ""target_pos"": 2, ""signal_price"": 43001, ""order_id"": ""L_Exit_Add"", ""order_action"": ""sell"", ""order_comment"": ""L_Exit_Add"", ""order_contracts"": 1, ""timestamp"": ""2026-08-03T07:00:00Z""}"
2026-08-03T15:05:05+08:00,MXF1!,0,42989,sell,Trend Rev,2,Close position order,2026-08-03T07:05:00Z,EXECUTED:success,"{""ticker"": ""MXF1!"", ""target_pos"": 0, ""signal_price"": 42989, ""order_id"": ""Close position order"", ""order_action"": ""sell"", ""order_comment"": ""Trend Rev"", ""order_contracts"": 2, ""timestamp"": ""2026-08-03T07:05:00Z""}"
2026-08-03T22:50:10+08:00,MXF1!,1,42688,buy,L_Cmd,1,Long_Cmd,2026-08-03T14:50:00Z,EXECUTED:success,"{""ticker"": ""MXF1!"", ""target_pos"": 1, ""signal_price"": 42688, ""order_id"": ""Long_Cmd"", ""order_action"": ""buy"", ""order_comment"": ""L_Cmd"", ""order_contracts"": 1, ""timestamp"": ""2026-08-03T14:50:00Z""}"
2026-08-03T23:10:05+08:00,MXF1!,0,42645,sell,Trend Rev,1,Close position order,2026-08-03T15:10:00Z,EXECUTED:success,"{""ticker"": ""MXF1!"", ""target_pos"": 0, ""signal_price"": 42645, ""order_id"": ""Close position order"", ""order_action"": ""sell"", ""order_comment"": ""Trend Rev"", ""order_contracts"": 1, ""timestamp"": ""2026-08-03T15:10:00Z""}"
2026-08-04T09:35:07+08:00,MXF1!,1,43218,buy,L_Cmd,1,Long_Cmd,2026-08-04T01:35:00Z,EXECUTED:success,"{""ticker"": ""MXF1!"", ""target_pos"": 1, ""signal_price"": 43218, ""order_id"": ""Long_Cmd"", ""order_action"": ""buy"", ""order_comment"": ""L_Cmd"", ""order_contracts"": 1, ""timestamp"": ""2026-08-04T01:35:00Z""}"
2026-08-04T09:50:04+08:00,MXF1!,2,43500,buy,L_Add,1,Long_Add,2026-08-04T01:50:00Z,EXECUTED:success,"{""ticker"": ""MXF1!"", ""target_pos"": 2, ""signal_price"": 43500, ""order_id"": ""Long_Add"", ""order_action"": ""buy"", ""order_comment"": ""L_Add"", ""order_contracts"": 1, ""timestamp"": ""2026-08-04T01:50:00Z""}"
2026-08-04T09:55:03+08:00,MXF1!,3,43704,buy,L_Add,1,Long_Add,2026-08-04T01:55:00Z,EXECUTED:success,"{""ticker"": ""MXF1!"", ""target_pos"": 3, ""signal_price"": 43704, ""order_id"": ""Long_Add"", ""order_action"": ""buy"", ""order_comment"": ""L_Add"", ""order_contracts"": 1, ""timestamp"": ""2026-08-04T01:55:00Z""}"
2026-08-04T10:00:03+08:00,MXF1!,4,43723,buy,L_G_進,1,Long_G,2026-08-04T02:00:00Z,EXECUTED:success,"{""ticker"": ""MXF1!"", ""target_pos"": 4, ""signal_price"": 43723, ""order_id"": ""Long_G"", ""order_action"": ""buy"", ""order_comment"": ""L_G_進"", ""order_contracts"": 1, ""timestamp"": ""2026-08-04T02:00:00Z""}"
2026-08-04T11:10:04+08:00,MXF1!,3,43163,sell,L_G_Cut,1,Close entry(s) order Long_G,2026-08-04T03:10:00Z,EXECUTED:success,"{""ticker"": ""MXF1!"", ""target_pos"": 3, ""signal_price"": 43163, ""order_id"": ""Close entry(s) order Long_G"", ""order_action"": ""sell"", ""order_comment"": ""L_G_Cut"", ""order_contracts"": 1, ""timestamp"": ""2026-08-04T03:10:00Z""}"
2026-08-04T11:15:01+08:00,MXF1!,2,43001,sell,L_Cmd_Fast,1,Close entry(s) order Long_Cmd,2026-08-04T03:15:00Z,EXECUTED:success,"{""ticker"": ""MXF1!"", ""target_pos"": 2, ""signal_price"": 43001, ""order_id"": ""Close entry(s) order Long_Cmd"", ""order_action"": ""sell"", ""order_comment"": ""L_Cmd_Fast"", ""order_contracts"": 1, ""timestamp"": ""2026-08-04T03:15:00Z""}"
2026-08-04T12:15:04+08:00,MXF1!,0,42966,sell,Trend Rev,2,Close position order,2026-08-04T04:15:00Z,EXECUTED:success,"{""ticker"": ""MXF1!"", ""target_pos"": 0, ""signal_price"": 42966, ""order_id"": ""Close position order"", ""order_action"": ""sell"", ""order_comment"": ""Trend Rev"", ""order_contracts"": 2, ""timestamp"": ""2026-08-04T04:15:00Z""}"
2026-08-04T21:10:08+08:00,MXF1!,1,43992,buy,L_Cmd,1,Long_Cmd,2026-08-04T13:10:00Z,EXECUTED:success,"{""ticker"": ""MXF1!"", ""target_pos"": 1, ""signal_price"": 43992, ""order_id"": ""Long_Cmd"", ""order_action"": ""buy"", ""order_comment"": ""L_Cmd"", ""order_contracts"": 1, ""timestamp"": ""2026-08-04T13:10:00Z""}"
2026-08-04T21:45:07+08:00,MXF1!,2,44085,buy,L_Add,1,Long_Add,2026-08-04T13:45:00Z,EXECUTED:success,"{""ticker"": ""MXF1!"", ""target_pos"": 2, ""signal_price"": 44085, ""order_id"": ""Long_Add"", ""order_action"": ""buy"", ""order_comment"": ""L_Add"", ""order_contracts"": 1, ""timestamp"": ""2026-08-04T13:45:00Z""}"
2026-08-04T21:50:06+08:00,MXF1!,3,44154,buy,L_Add,1,Long_Add,2026-08-04T13:50:00Z,EXECUTED:success,"{""ticker"": ""MXF1!"", ""target_pos"": 3, ""signal_price"": 44154, ""order_id"": ""Long_Add"", ""order_action"": ""buy"", ""order_comment"": ""L_Add"", ""order_contracts"": 1, ""timestamp"": ""2026-08-04T13:50:00Z""}"
2026-08-04T21:55:06+08:00,MXF1!,4,44203,buy,L_G_進,1,Long_G,2026-08-04T13:55:00Z,EXECUTED:success,"{""ticker"": ""MXF1!"", ""target_pos"": 4, ""signal_price"": 44203, ""order_id"": ""Long_G"", ""order_action"": ""buy"", ""order_comment"": ""L_G_進"", ""order_contracts"": 1, ""timestamp"": ""2026-08-04T13:55:00Z""}"
2026-08-04T23:06:37+08:00,MXF1!,3,44276,sell,L_Exit,1,L_Exit,2026-08-04T15:05:00Z,EXECUTED:success,"{""ticker"": ""MXF1!"", ""target_pos"": 3, ""signal_price"": 44276, ""order_id"": ""L_Exit"", ""order_action"": ""sell"", ""order_comment"": ""L_Exit"", ""order_contracts"": 1, ""timestamp"": ""2026-08-04T15:05:00Z""}"
2026-08-04T23:10:05+08:00,MXF1!,4,44299,buy,L_G_進,1,Long_G,2026-08-04T15:10:00Z,EXECUTED:success,"{""ticker"": ""MXF1!"", ""target_pos"": 4, ""signal_price"": 44299, ""order_id"": ""Long_G"", ""order_action"": ""buy"", ""order_comment"": ""L_G_進"", ""order_contracts"": 1, ""timestamp"": ""2026-08-04T15:10:00Z""}"
2026-08-04T23:19:20+08:00,MXF1!,3,44312,sell,L_Exit_G,1,L_Exit_G,2026-08-04T15:15:00Z,EXECUTED:success,"{""ticker"": ""MXF1!"", ""target_pos"": 3, ""signal_price"": 44312, ""order_id"": ""L_Exit_G"", ""order_action"": ""sell"", ""order_comment"": ""L_Exit_G"", ""order_contracts"": 1, ""timestamp"": ""2026-08-04T15:15:00Z""}"
2026-08-04T23:20:05+08:00,MXF1!,4,44300,buy,L_G_進,1,Long_G,2026-08-04T15:20:00Z,EXECUTED:success,"{""ticker"": ""MXF1!"", ""target_pos"": 4, ""signal_price"": 44300, ""order_id"": ""Long_G"", ""order_action"": ""buy"", ""order_comment"": ""L_G_進"", ""order_contracts"": 1, ""timestamp"": ""2026-08-04T15:20:00Z""}"
2026-08-04T23:52:22+08:00,MXF1!,2,44403,sell,L_Exit_G,1,L_Exit_G,2026-08-04T15:50:00Z,EXECUTED:success,"{""ticker"": ""MXF1!"", ""target_pos"": 2, ""signal_price"": 44403, ""order_id"": ""L_Exit_G"", ""order_action"": ""sell"", ""order_comment"": ""L_Exit_G"", ""order_contracts"": 1, ""timestamp"": ""2026-08-04T15:50:00Z""}"
2026-08-04T23:52:25+08:00,MXF1!,3,44403,sell,L_Exit_Add,1,L_Exit_Add,2026-08-04T15:50:00Z,EXECUTED:success,"{""ticker"": ""MXF1!"", ""target_pos"": 3, ""signal_price"": 44403, ""order_id"": ""L_Exit_Add"", ""order_action"": ""sell"", ""order_comment"": ""L_Exit_Add"", ""order_contracts"": 1, ""timestamp"": ""2026-08-04T15:50:00Z""}"
2026-08-04T23:52:32+08:00,MXF1!,1,44413,sell,L_Exit_G,1,L_Exit_G,2026-08-04T15:50:00Z,EXECUTED:success,"{""ticker"": ""MXF1!"", ""target_pos"": 1, ""signal_price"": 44413, ""order_id"": ""L_Exit_G"", ""order_action"": ""sell"", ""order_comment"": ""L_Exit_G"", ""order_contracts"": 1, ""timestamp"": ""2026-08-04T15:50:00Z""}"
2026-08-04T23:55:06+08:00,MXF1!,2,44387,buy,L_Add,1,Long_Add,2026-08-04T15:55:00Z,EXECUTED:success,"{""ticker"": ""MXF1!"", ""target_pos"": 2, ""signal_price"": 44387, ""order_id"": ""Long_Add"", ""order_action"": ""buy"", ""order_comment"": ""L_Add"", ""order_contracts"": 1, ""timestamp"": ""2026-08-04T15:55:00Z""}"
2026-08-04T23:55:09+08:00,MXF1!,1,44387,sell,L_Exit_Add,1,L_Exit_Add,2026-08-04T15:55:00Z,EXECUTED:success,"{""ticker"": ""MXF1!"", ""target_pos"": 1, ""signal_price"": 44387, ""order_id"": ""L_Exit_Add"", ""order_action"": ""sell"", ""order_comment"": ""L_Exit_Add"", ""order_contracts"": 1, ""timestamp"": ""2026-08-04T15:55:00Z""}"
2026-08-05T00:05:07+08:00,MXF1!,2,44465,buy,L_Add,1,Long_Add,2026-08-04T16:05:00Z,EXECUTED:success,"{""ticker"": ""MXF1!"", ""target_pos"": 2, ""signal_price"": 44465, ""order_id"": ""Long_Add"", ""order_action"": ""buy"", ""order_comment"": ""L_Add"", ""order_contracts"": 1, ""timestamp"": ""2026-08-04T16:05:00Z""}"
2026-08-05T01:35:05+08:00,MXF1!,1,44620,sell,L_Exit_Add,1,L_Exit_Add,2026-08-04T17:30:00Z,EXECUTED:success,"{""ticker"": ""MXF1!"", ""target_pos"": 1, ""signal_price"": 44620, ""order_id"": ""L_Exit_Add"", ""order_action"": ""sell"", ""order_comment"": ""L_Exit_Add"", ""order_contracts"": 1, ""timestamp"": ""2026-08-04T17:30:00Z""}"
2026-08-05T02:30:32+08:00,MXF1!,0,44686,sell,L_Exit_Add,1,L_Exit_Add,2026-08-04T18:30:00Z,EXECUTED:success,"{""ticker"": ""MXF1!"", ""target_pos"": 0, ""signal_price"": 44686, ""order_id"": ""L_Exit_Add"", ""order_action"": ""sell"", ""order_comment"": ""L_Exit_Add"", ""order_contracts"": 1, ""timestamp"": ""2026-08-04T18:30:00Z""}"
2026-08-05T03:10:08+08:00,MXF1!,1,44718,buy,L_Cmd,1,Long_Cmd,2026-08-04T19:10:00Z,EXECUTED:success,"{""ticker"": ""MXF1!"", ""target_pos"": 1, ""signal_price"": 44718, ""order_id"": ""Long_Cmd"", ""order_action"": ""buy"", ""order_comment"": ""L_Cmd"", ""order_contracts"": 1, ""timestamp"": ""2026-08-04T19:10:00Z""}"
2026-08-05T03:59:48+08:00,MXF1!,0,44590,sell,L_Exit,1,L_Exit,2026-08-04T19:55:00Z,EXECUTED:success,"{""ticker"": ""MXF1!"", ""target_pos"": 0, ""signal_price"": 44590, ""order_id"": ""L_Exit"", ""order_action"": ""sell"", ""order_comment"": ""L_Exit"", ""order_contracts"": 1, ""timestamp"": ""2026-08-04T19:55:00Z""}"
2026-08-05T09:10:08+08:00,MXF1!,1,44612,buy,L_Cmd,1,Long_Cmd,2026-08-05T01:10:00Z,EXECUTED:success,"{""ticker"": ""MXF1!"", ""target_pos"": 1, ""signal_price"": 44612, ""order_id"": ""Long_Cmd"", ""order_action"": ""buy"", ""order_comment"": ""L_Cmd"", ""order_contracts"": 1, ""timestamp"": ""2026-08-05T01:10:00Z""}"
2026-08-05T09:15:05+08:00,MXF1!,0,44403,sell,L_Cmd_Fast,1,Close entry(s) order Long_Cmd,2026-08-05T01:15:00Z,EXECUTED:success,"{""ticker"": ""MXF1!"", ""target_pos"": 0, ""signal_price"": 44403, ""order_id"": ""Close entry(s) order Long_Cmd"", ""order_action"": ""sell"", ""order_comment"": ""L_Cmd_Fast"", ""order_contracts"": 1, ""timestamp"": ""2026-08-05T01:15:00Z""}"
2026-08-05T09:50:04+08:00,MXF1!,1,44758,buy,L_Cmd,1,Long_Cmd,2026-08-05T01:50:00Z,EXECUTED:success,"{""ticker"": ""MXF1!"", ""target_pos"": 1, ""signal_price"": 44758, ""order_id"": ""Long_Cmd"", ""order_action"": ""buy"", ""order_comment"": ""L_Cmd"", ""order_contracts"": 1, ""timestamp"": ""2026-08-05T01:50:00Z""}"
2026-08-05T11:30:05+08:00,MXF1!,0,44620,sell,L_Cmd_Fast,1,Close entry(s) order Long_Cmd,2026-08-05T03:30:00Z,EXECUTED:success,"{""ticker"": ""MXF1!"", ""target_pos"": 0, ""signal_price"": 44620, ""order_id"": ""Close entry(s) order Long_Cmd"", ""order_action"": ""sell"", ""order_comment"": ""L_Cmd_Fast"", ""order_contracts"": 1, ""timestamp"": ""2026-08-05T03:30:00Z""}"
2026-08-06T10:47:02+08:00,MXF1!,1,44426,buy,L_Cmd,1,Long_Cmd,2026-08-06T02:45:00Z,EXECUTED:success,"{""ticker"": ""MXF1!"", ""target_pos"": 1, ""signal_price"": 44426, ""order_id"": ""Long_Cmd"", ""order_action"": ""buy"", ""order_comment"": ""L_Cmd"", ""order_contracts"": 1, ""timestamp"": ""2026-08-06T02:45:00Z""}"
2026-08-06T11:30:35+08:00,MXF1!,0,44260,sell,Trend Rev,1,Close position order,2026-08-06T03:30:00Z,EXECUTED:success,"{""ticker"": ""MXF1!"", ""target_pos"": 0, ""signal_price"": 44260, ""order_id"": ""Close position order"", ""order_action"": ""sell"", ""order_comment"": ""Trend Rev"", ""order_contracts"": 1, ""timestamp"": ""2026-08-06T03:30:00Z""}"
2026-08-07T09:02:16+08:00,MXF1!,1,44701,buy,L_Cmd,1,Long_Cmd,2026-08-07T01:00:00Z,EXECUTED:success,"{""ticker"": ""MXF1!"", ""target_pos"": 1, ""signal_price"": 44701, ""order_id"": ""Long_Cmd"", ""order_action"": ""buy"", ""order_comment"": ""L_Cmd"", ""order_contracts"": 1, ""timestamp"": ""2026-08-07T01:00:00Z""}"
2026-08-07T09:14:11+08:00,MXF1!,0,44471,sell,L_Exit,1,L_Exit,2026-08-07T01:10:00Z,EXECUTED:success,"{""ticker"": ""MXF1!"", ""target_pos"": 0, ""signal_price"": 44471, ""order_id"": ""L_Exit"", ""order_action"": ""sell"", ""order_comment"": ""L_Exit"", ""order_contracts"": 1, ""timestamp"": ""2026-08-07T01:10:00Z""}"
2026-08-08T03:55:10+08:00,MXF1!,3,45006,buy,L_Add,1,Long_Add,2026-08-07T19:55:00Z,EXECUTED:success,"{""ticker"": ""MXF1!"", ""target_pos"": 3, ""signal_price"": 45006, ""order_id"": ""Long_Add"", ""order_action"": ""buy"", ""order_comment"": ""L_Add"", ""order_contracts"": 1, ""timestamp"": ""2026-08-07T19:55:00Z""}"
2026-08-08T04:00:06+08:00,MXF1!,4,45015,buy,L_G_進,1,Long_G,2026-08-07T20:00:00Z,EXECUTED:success,"{""ticker"": ""MXF1!"", ""target_pos"": 4, ""signal_price"": 45015, ""order_id"": ""Long_G"", ""order_action"": ""buy"", ""order_comment"": ""L_G_進"", ""order_contracts"": 1, ""timestamp"": ""2026-08-07T20:00:00Z""}"
2026-08-10T08:50:06+08:00,MXF1!,2,44977,sell,TimeStop,1,Close entry(s) order Long_G,2026-08-10T00:50:00Z,EXECUTED:success,"{""ticker"": ""MXF1!"", ""target_pos"": 2, ""signal_price"": 44977, ""order_id"": ""Close entry(s) order Long_G"", ""order_action"": ""sell"", ""order_comment"": ""TimeStop"", ""order_contracts"": 1, ""timestamp"": ""2026-08-10T00:50:00Z""}"
2026-08-10T08:50:09+08:00,MXF1!,3,44977,sell,TimeStop,1,Close entry(s) order Long_Add,2026-08-10T00:50:00Z,EXECUTED:success,"{""ticker"": ""MXF1!"", ""target_pos"": 3, ""signal_price"": 44977, ""order_id"": ""Close entry(s) order Long_Add"", ""order_action"": ""sell"", ""order_comment"": ""TimeStop"", ""order_contracts"": 1, ""timestamp"": ""2026-08-10T00:50:00Z""}"
2026-08-10T08:55:04+08:00,MXF1!,0,44878,sell,TimeStop,1,Close entry(s) order Long_Add,2026-08-10T00:55:00Z,EXECUTED:success,"{""ticker"": ""MXF1!"", ""target_pos"": 0, ""signal_price"": 44878, ""order_id"": ""Close entry(s) order Long_Add"", ""order_action"": ""sell"", ""order_comment"": ""TimeStop"", ""order_contracts"": 1, ""timestamp"": ""2026-08-10T00:55:00Z""}"
2026-08-10T08:55:07+08:00,MXF1!,1,44878,sell,L_Cmd_Fast,1,Close entry(s) order Long_Cmd,2026-08-10T00:55:00Z,EXECUTED:success,"{""ticker"": ""MXF1!"", ""target_pos"": 1, ""signal_price"": 44878, ""order_id"": ""Close entry(s) order Long_Cmd"", ""order_action"": ""sell"", ""order_comment"": ""L_Cmd_Fast"", ""order_contracts"": 1, ""timestamp"": ""2026-08-10T00:55:00Z""}"
2026-08-10T09:25:01+08:00,MXF1!,1,45115,buy,L_Cmd,1,Long_Cmd,2026-08-10T01:25:00Z,EXECUTED:success,"{""ticker"": ""MXF1!"", ""target_pos"": 1, ""signal_price"": 45115, ""order_id"": ""Long_Cmd"", ""order_action"": ""buy"", ""order_comment"": ""L_Cmd"", ""order_contracts"": 1, ""timestamp"": ""2026-08-10T01:25:00Z""}"
2026-08-10T09:33:26+08:00,MXF1!,0,44878,sell,L_Exit,1,L_Exit,2026-08-10T01:30:00Z,EXECUTED:success,"{""ticker"": ""MXF1!"", ""target_pos"": 0, ""signal_price"": 44878, ""order_id"": ""L_Exit"", ""order_action"": ""sell"", ""order_comment"": ""L_Exit"", ""order_contracts"": 1, ""timestamp"": ""2026-08-10T01:30:00Z""}"
2026-08-10T22:10:11+08:00,MXF1!,1,44938,buy,L_Cmd,1,Long_Cmd,2026-08-10T14:10:00Z,EXECUTED:success,"{""ticker"": ""MXF1!"", ""target_pos"": 1, ""signal_price"": 44938, ""order_id"": ""Long_Cmd"", ""order_action"": ""buy"", ""order_comment"": ""L_Cmd"", ""order_contracts"": 1, ""timestamp"": ""2026-08-10T14:10:00Z""}"
2026-08-10T22:20:05+08:00,MXF1!,0,44867,sell,L_Cmd_Fast,1,Close entry(s) order Long_Cmd,2026-08-10T14:20:00Z,EXECUTED:success,"{""ticker"": ""MXF1!"", ""target_pos"": 0, ""signal_price"": 44867, ""order_id"": ""Close entry(s) order Long_Cmd"", ""order_action"": ""sell"", ""order_comment"": ""L_Cmd_Fast"", ""order_contracts"": 1, ""timestamp"": ""2026-08-10T14:20:00Z""}"
2026-08-11T08:55:07+08:00,MXF1!,1,44905,buy,L_Cmd,1,Long_Cmd,2026-08-11T00:55:00Z,EXECUTED:success,"{""ticker"": ""MXF1!"", ""target_pos"": 1, ""signal_price"": 44905, ""order_id"": ""Long_Cmd"", ""order_action"": ""buy"", ""order_comment"": ""L_Cmd"", ""order_contracts"": 1, ""timestamp"": ""2026-08-11T00:55:00Z""}"
2026-08-11T09:02:04+08:00,MXF1!,0,44778,sell,L_Exit,1,L_Exit,2026-08-11T01:00:00Z,EXECUTED:success,"{""ticker"": ""MXF1!"", ""target_pos"": 0, ""signal_price"": 44778, ""order_id"": ""L_Exit"", ""order_action"": ""sell"", ""order_comment"": ""L_Exit"", ""order_contracts"": 1, ""timestamp"": ""2026-08-11T01:00:00Z""}"
2026-08-12T03:50:17+08:00,MXF1!,1,45244,buy,L_Cmd,1,Long_Cmd,2026-08-11T19:50:00Z,EXECUTED:success,"{""ticker"": ""MXF1!"", ""target_pos"": 1, ""signal_price"": 45244, ""order_id"": ""Long_Cmd"", ""order_action"": ""buy"", ""order_comment"": ""L_Cmd"", ""order_contracts"": 1, ""timestamp"": ""2026-08-11T19:50:00Z""}"
2026-08-12T08:50:05+08:00,MXF1!,2,45364,buy,L_Add,1,Long_Add,2026-08-12T00:50:00Z,EXECUTED:success,"{""ticker"": ""MXF1!"", ""target_pos"": 2, ""signal_price"": 45364, ""order_id"": ""Long_Add"", ""order_action"": ""buy"", ""order_comment"": ""L_Add"", ""order_contracts"": 1, ""timestamp"": ""2026-08-12T00:50:00Z""}"
2026-08-12T09:01:57+08:00,MXF1!,1,45421,sell,L_Exit,1,L_Exit,2026-08-12T01:00:00Z,EXECUTED:success,"{""ticker"": ""MXF1!"", ""target_pos"": 1, ""signal_price"": 45421, ""order_id"": ""L_Exit"", ""order_action"": ""sell"", ""order_comment"": ""L_Exit"", ""order_contracts"": 1, ""timestamp"": ""2026-08-12T01:00:00Z""}"
2026-08-12T09:05:03+08:00,MXF1!,2,45460,buy,L_Add,1,Long_Add,2026-08-12T01:05:00Z,EXECUTED:success,"{""ticker"": ""MXF1!"", ""target_pos"": 2, ""signal_price"": 45460, ""order_id"": ""Long_Add"", ""order_action"": ""buy"", ""order_comment"": ""L_Add"", ""order_contracts"": 1, ""timestamp"": ""2026-08-12T01:05:00Z""}"
2026-08-12T09:22:55+08:00,MXF1!,1,45210,sell,L_Exit_Add,1,L_Exit_Add,2026-08-12T01:20:00Z,EXECUTED:success,"{""ticker"": ""MXF1!"", ""target_pos"": 1, ""signal_price"": 45210, ""order_id"": ""L_Exit_Add"", ""order_action"": ""sell"", ""order_comment"": ""L_Exit_Add"", ""order_contracts"": 1, ""timestamp"": ""2026-08-12T01:20:00Z""}"
2026-08-12T09:25:03+08:00,MXF1!,0,45239,sell,Trend Rev,1,Close position order,2026-08-12T01:25:00Z,EXECUTED:success,"{""ticker"": ""MXF1!"", ""target_pos"": 0, ""signal_price"": 45239, ""order_id"": ""Close position order"", ""order_action"": ""sell"", ""order_comment"": ""Trend Rev"", ""order_contracts"": 1, ""timestamp"": ""2026-08-12T01:25:00Z""}"
2026-08-13T12:35:05+08:00,MXF1!,1,46087,buy,L_Cmd,1,Long_Cmd,2026-08-13T04:35:00Z,EXECUTED:success,"{""ticker"": ""MXF1!"", ""target_pos"": 1, ""signal_price"": 46087, ""order_id"": ""Long_Cmd"", ""order_action"": ""buy"", ""order_comment"": ""L_Cmd"", ""order_contracts"": 1, ""timestamp"": ""2026-08-13T04:35:00Z""}"
2026-08-13T12:45:10+08:00,MXF1!,0,46038,sell,L_Cmd_Fast,1,Close entry(s) order Long_Cmd,2026-08-13T04:45:00Z,EXECUTED:success,"{""ticker"": ""MXF1!"", ""target_pos"": 0, ""signal_price"": 46038, ""order_id"": ""Close entry(s) order Long_Cmd"", ""order_action"": ""sell"", ""order_comment"": ""L_Cmd_Fast"", ""order_contracts"": 1, ""timestamp"": ""2026-08-13T04:45:00Z""}"
2026-08-13T21:35:16+08:00,MXF1!,1,46170,buy,L_Cmd,1,Long_Cmd,2026-08-13T13:35:00Z,EXECUTED:success,"{""ticker"": ""MXF1!"", ""target_pos"": 1, ""signal_price"": 46170, ""order_id"": ""Long_Cmd"", ""order_action"": ""buy"", ""order_comment"": ""L_Cmd"", ""order_contracts"": 1, ""timestamp"": ""2026-08-13T13:35:00Z""}"
2026-08-13T21:40:08+08:00,MXF1!,2,46273,buy,L_Add,1,Long_Add,2026-08-13T13:40:00Z,EXECUTED:success,"{""ticker"": ""MXF1!"", ""target_pos"": 2, ""signal_price"": 46273, ""order_id"": ""Long_Add"", ""order_action"": ""buy"", ""order_comment"": ""L_Add"", ""order_contracts"": 1, ""timestamp"": ""2026-08-13T13:40:00Z""}"
2026-08-13T21:47:23+08:00,MXF1!,1,46450,sell,L_Exit_Add,1,L_Exit_Add,2026-08-13T13:45:00Z,EXECUTED:success,"{""ticker"": ""MXF1!"", ""target_pos"": 1, ""signal_price"": 46450, ""order_id"": ""L_Exit_Add"", ""order_action"": ""sell"", ""order_comment"": ""L_Exit_Add"", ""order_contracts"": 1, ""timestamp"": ""2026-08-13T13:45:00Z""}"
2026-08-13T21:50:07+08:00,MXF1!,2,46424,buy,L_Add,1,Long_Add,2026-08-13T13:50:00Z,EXECUTED:success,"{""ticker"": ""MXF1!"", ""target_pos"": 2, ""signal_price"": 46424, ""order_id"": ""Long_Add"", ""order_action"": ""buy"", ""order_comment"": ""L_Add"", ""order_contracts"": 1, ""timestamp"": ""2026-08-13T13:50:00Z""}"
2026-08-13T22:05:08+08:00,MXF1!,3,46414,buy,L_Add,1,Long_Add,2026-08-13T14:05:00Z,EXECUTED:success,"{""ticker"": ""MXF1!"", ""target_pos"": 3, ""signal_price"": 46414, ""order_id"": ""Long_Add"", ""order_action"": ""buy"", ""order_comment"": ""L_Add"", ""order_contracts"": 1, ""timestamp"": ""2026-08-13T14:05:00Z""}"
2026-08-13T22:15:03+08:00,MXF1!,4,46453,buy,L_G_進,1,Long_G,2026-08-13T14:15:00Z,EXECUTED:success,"{""ticker"": ""MXF1!"", ""target_pos"": 4, ""signal_price"": 46453, ""order_id"": ""Long_G"", ""order_action"": ""buy"", ""order_comment"": ""L_G_進"", ""order_contracts"": 1, ""timestamp"": ""2026-08-13T14:15:00Z""}"
2026-08-13T22:34:36+08:00,MXF1!,3,46550,sell,L_Exit_G,1,L_Exit_G,2026-08-13T14:30:00Z,EXECUTED:success,"{""ticker"": ""MXF1!"", ""target_pos"": 3, ""signal_price"": 46550, ""order_id"": ""L_Exit_G"", ""order_action"": ""sell"", ""order_comment"": ""L_Exit_G"", ""order_contracts"": 1, ""timestamp"": ""2026-08-13T14:30:00Z""}"
2026-08-13T22:35:06+08:00,MXF1!,4,46555,buy,L_G_進,1,Long_G,2026-08-13T14:35:00Z,EXECUTED:success,"{""ticker"": ""MXF1!"", ""target_pos"": 4, ""signal_price"": 46555, ""order_id"": ""Long_G"", ""order_action"": ""buy"", ""order_comment"": ""L_G_進"", ""order_contracts"": 1, ""timestamp"": ""2026-08-13T14:35:00Z""}"
2026-08-13T23:33:08+08:00,MXF1!,3,46422,sell,L_BE,1,L_BE,2026-08-13T15:30:00Z,EXECUTED:success,"{""ticker"": ""MXF1!"", ""target_pos"": 3, ""signal_price"": 46422, ""order_id"": ""L_BE"", ""order_action"": ""sell"", ""order_comment"": ""L_BE"", ""order_contracts"": 1, ""timestamp"": ""2026-08-13T15:30:00Z""}"
2026-08-13T23:35:02+08:00,MXF1!,2,46357,sell,L_G_Cut,1,Close entry(s) order Long_G,2026-08-13T15:35:00Z,EXECUTED:success,"{""ticker"": ""MXF1!"", ""target_pos"": 2, ""signal_price"": 46357, ""order_id"": ""Close entry(s) order Long_G"", ""order_action"": ""sell"", ""order_comment"": ""L_G_Cut"", ""order_contracts"": 1, ""timestamp"": ""2026-08-13T15:35:00Z""}"
2026-08-14T09:00:20+08:00,MXF1!,0,46323,sell,Trend Rev,2,Close position order,2026-08-14T01:00:00Z,EXECUTED:success,"{""ticker"": ""MXF1!"", ""target_pos"": 0, ""signal_price"": 46323, ""order_id"": ""Close position order"", ""order_action"": ""sell"", ""order_comment"": ""Trend Rev"", ""order_contracts"": 2, ""timestamp"": ""2026-08-14T01:00:00Z""}"
2026-08-17T08:50:06+08:00,MXF1!,1,45889,buy,L_Cmd,1,Long_Cmd,2026-08-17T00:50:00Z,EXECUTED:success,"{""ticker"": ""MXF1!"", ""target_pos"": 1, ""signal_price"": 45889, ""order_id"": ""Long_Cmd"", ""order_action"": ""buy"", ""order_comment"": ""L_Cmd"", ""order_contracts"": 1, ""timestamp"": ""2026-08-17T00:50:00Z""}"
2026-08-17T09:00:46+08:00,MXF1!,2,45941,buy,L_Add,1,Long_Add,2026-08-17T01:00:00Z,EXECUTED:success,"{""ticker"": ""MXF1!"", ""target_pos"": 2, ""signal_price"": 45941, ""order_id"": ""Long_Add"", ""order_action"": ""buy"", ""order_comment"": ""L_Add"", ""order_contracts"": 1, ""timestamp"": ""2026-08-17T01:00:00Z""}"
2026-08-17T09:04:27+08:00,MXF1!,1,46056,sell,L_Exit,1,L_Exit,2026-08-17T01:00:00Z,EXECUTED:success,"{""ticker"": ""MXF1!"", ""target_pos"": 1, ""signal_price"": 46056, ""order_id"": ""L_Exit"", ""order_action"": ""sell"", ""order_comment"": ""L_Exit"", ""order_contracts"": 1, ""timestamp"": ""2026-08-17T01:00:00Z""}"
2026-08-17T09:05:10+08:00,MXF1!,2,46059,buy,L_Add,1,Long_Add,2026-08-17T01:05:00Z,EXECUTED:success,"{""ticker"": ""MXF1!"", ""target_pos"": 2, ""signal_price"": 46059, ""order_id"": ""Long_Add"", ""order_action"": ""buy"", ""order_comment"": ""L_Add"", ""order_contracts"": 1, ""timestamp"": ""2026-08-17T01:05:00Z""}"
2026-08-17T09:15:02+08:00,MXF1!,1,45812,sell,L_Exit_Add,1,L_Exit_Add,2026-08-17T01:10:00Z,EXECUTED:success,"{""ticker"": ""MXF1!"", ""target_pos"": 1, ""signal_price"": 45812, ""order_id"": ""L_Exit_Add"", ""order_action"": ""sell"", ""order_comment"": ""L_Exit_Add"", ""order_contracts"": 1, ""timestamp"": ""2026-08-17T01:10:00Z""}"
2026-08-17T12:05:25+08:00,MXF1!,0,46108,sell,L_Exit_Add,1,L_Exit_Add,2026-08-17T04:05:00Z,EXECUTED:success,"{""ticker"": ""MXF1!"", ""target_pos"": 0, ""signal_price"": 46108, ""order_id"": ""L_Exit_Add"", ""order_action"": ""sell"", ""order_comment"": ""L_Exit_Add"", ""order_contracts"": 1, ""timestamp"": ""2026-08-17T04:05:00Z""}"
2026-08-17T22:15:11+08:00,MXF1!,1,46013,buy,L_Cmd,1,Long_Cmd,2026-08-17T14:15:00Z,EXECUTED:success,"{""ticker"": ""MXF1!"", ""target_pos"": 1, ""signal_price"": 46013, ""order_id"": ""Long_Cmd"", ""order_action"": ""buy"", ""order_comment"": ""L_Cmd"", ""order_contracts"": 1, ""timestamp"": ""2026-08-17T14:15:00Z""}"
2026-08-17T22:45:15+08:00,MXF1!,2,46088,buy,L_Add,1,Long_Add,2026-08-17T14:45:00Z,EXECUTED:success,"{""ticker"": ""MXF1!"", ""target_pos"": 2, ""signal_price"": 46088, ""order_id"": ""Long_Add"", ""order_action"": ""buy"", ""order_comment"": ""L_Add"", ""order_contracts"": 1, ""timestamp"": ""2026-08-17T14:45:00Z""}"
2026-08-17T22:50:06+08:00,MXF1!,3,46179,buy,L_Add,1,Long_Add,2026-08-17T14:50:00Z,EXECUTED:success,"{""ticker"": ""MXF1!"", ""target_pos"": 3, ""signal_price"": 46179, ""order_id"": ""Long_Add"", ""order_action"": ""buy"", ""order_comment"": ""L_Add"", ""order_contracts"": 1, ""timestamp"": ""2026-08-17T14:50:00Z""}"
2026-08-17T22:55:04+08:00,MXF1!,4,46177,buy,L_G_進,1,Long_G,2026-08-17T14:55:00Z,EXECUTED:success,"{""ticker"": ""MXF1!"", ""target_pos"": 4, ""signal_price"": 46177, ""order_id"": ""Long_G"", ""order_action"": ""buy"", ""order_comment"": ""L_G_進"", ""order_contracts"": 1, ""timestamp"": ""2026-08-17T14:55:00Z""}"
2026-08-17T23:04:12+08:00,MXF1!,3,46272,sell,L_Exit_G,1,L_Exit_G,2026-08-17T15:00:00Z,EXECUTED:success,"{""ticker"": ""MXF1!"", ""target_pos"": 3, ""signal_price"": 46272, ""order_id"": ""L_Exit_G"", ""order_action"": ""sell"", ""order_comment"": ""L_Exit_G"", ""order_contracts"": 1, ""timestamp"": ""2026-08-17T15:00:00Z""}"
2026-08-17T23:05:04+08:00,MXF1!,4,46283,buy,L_G_進,1,Long_G,2026-08-17T15:05:00Z,EXECUTED:success,"{""ticker"": ""MXF1!"", ""target_pos"": 4, ""signal_price"": 46283, ""order_id"": ""Long_G"", ""order_action"": ""buy"", ""order_comment"": ""L_G_進"", ""order_contracts"": 1, ""timestamp"": ""2026-08-17T15:05:00Z""}"
2026-08-18T01:00:24+08:00,MXF1!,3,46169,sell,L_G_Cut,1,Close entry(s) order Long_G,2026-08-17T17:00:00Z,EXECUTED:success,"{""ticker"": ""MXF1!"", ""target_pos"": 3, ""signal_price"": 46169, ""order_id"": ""Close entry(s) order Long_G"", ""order_action"": ""sell"", ""order_comment"": ""L_G_Cut"", ""order_contracts"": 1, ""timestamp"": ""2026-08-17T17:00:00Z""}"
2026-08-18T01:05:10+08:00,MXF1!,2,46131,sell,L_Cmd_Fast,1,Close entry(s) order Long_Cmd,2026-08-17T17:05:00Z,EXECUTED:success,"{""ticker"": ""MXF1!"", ""target_pos"": 2, ""signal_price"": 46131, ""order_id"": ""Close entry(s) order Long_Cmd"", ""order_action"": ""sell"", ""order_comment"": ""L_Cmd_Fast"", ""order_contracts"": 1, ""timestamp"": ""2026-08-17T17:05:00Z""}"
2026-08-18T01:25:05+08:00,MXF1!,0,46022,sell,Trend Rev,2,Close position order,2026-08-17T17:25:00Z,EXECUTED:success,"{""ticker"": ""MXF1!"", ""target_pos"": 0, ""signal_price"": 46022, ""order_id"": ""Close position order"", ""order_action"": ""sell"", ""order_comment"": ""Trend Rev"", ""order_contracts"": 2, ""timestamp"": ""2026-08-17T17:25:00Z""}"
2026-08-18T10:15:07+08:00,MXF1!,-1,45437,sell,S_Cmd,1,Short_Cmd,2026-08-18T02:15:00Z,EXECUTED:success,"{""ticker"": ""MXF1!"", ""target_pos"": -1, ""signal_price"": 45437, ""order_id"": ""Short_Cmd"", ""order_action"": ""sell"", ""order_comment"": ""S_Cmd"", ""order_contracts"": 1, ""timestamp"": ""2026-08-18T02:15:00Z""}"
2026-08-18T10:25:04+08:00,MXF1!,-2,45308,sell,S_Add,1,Short_Add,2026-08-18T02:25:00Z,EXECUTED:success,"{""ticker"": ""MXF1!"", ""target_pos"": -2, ""signal_price"": 45308, ""order_id"": ""Short_Add"", ""order_action"": ""sell"", ""order_comment"": ""S_Add"", ""order_contracts"": 1, ""timestamp"": ""2026-08-18T02:25:00Z""}"
2026-08-18T10:30:11+08:00,MXF1!,-3,45273,sell,S_Add,1,Short_Add,2026-08-18T02:30:00Z,EXECUTED:success,"{""ticker"": ""MXF1!"", ""target_pos"": -3, ""signal_price"": 45273, ""order_id"": ""Short_Add"", ""order_action"": ""sell"", ""order_comment"": ""S_Add"", ""order_contracts"": 1, ""timestamp"": ""2026-08-18T02:30:00Z""}"
2026-08-18T12:25:03+08:00,MXF1!,-4,45183,sell,S_G_進,1,Short_G,2026-08-18T04:25:00Z,EXECUTED:success,"{""ticker"": ""MXF1!"", ""target_pos"": -4, ""signal_price"": 45183, ""order_id"": ""Short_G"", ""order_action"": ""sell"", ""order_comment"": ""S_G_進"", ""order_contracts"": 1, ""timestamp"": ""2026-08-18T04:25:00Z""}"
2026-08-18T13:30:50+08:00,MXF1!,-4,45162,sell,S_G_進,1,Short_G,2026-08-18T05:30:00Z,DEDUP_DROPPED,"{""ticker"": ""MXF1!"", ""target_pos"": -4, ""signal_price"": 45162, ""order_id"": ""Short_G"", ""order_action"": ""sell"", ""order_comment"": ""S_G_進"", ""order_contracts"": 1, ""timestamp"": ""2026-08-18T05:30:00Z""}"
2026-08-18T13:31:22+08:00,MXF1!,-3,45163,buy,S_Exit,1,S_Exit,2026-08-18T05:25:00Z,EXECUTED:success,"{""ticker"": ""MXF1!"", ""target_pos"": -3, ""signal_price"": 45163, ""order_id"": ""S_Exit"", ""order_action"": ""buy"", ""order_comment"": ""S_Exit"", ""order_contracts"": 1, ""timestamp"": ""2026-08-18T05:25:00Z""}"
2026-08-18T13:31:30+08:00,MXF1!,-3,45125,buy,S_Exit_G,1,S_Exit_G,2026-08-18T05:30:00Z,EXECUTED:success,"{""ticker"": ""MXF1!"", ""target_pos"": -3, ""signal_price"": 45125, ""order_id"": ""S_Exit_G"", ""order_action"": ""buy"", ""order_comment"": ""S_Exit_G"", ""order_contracts"": 1, ""timestamp"": ""2026-08-18T05:30:00Z""}"
2026-08-18T13:32:13+08:00,MXF1!,-2,45101,buy,S_Exit_G,1,S_Exit_G,2026-08-18T05:30:00Z,EXECUTED:success,"{""ticker"": ""MXF1!"", ""target_pos"": -2, ""signal_price"": 45101, ""order_id"": ""S_Exit_G"", ""order_action"": ""buy"", ""order_comment"": ""S_Exit_G"", ""order_contracts"": 1, ""timestamp"": ""2026-08-18T05:30:00Z""}"
2026-08-18T22:55:14+08:00,MXF1!,-2,44622,sell,S_Add,1,Short_Add,2026-08-18T14:55:00Z,EXECUTED:success,"{""ticker"": ""MXF1!"", ""target_pos"": -2, ""signal_price"": 44622, ""order_id"": ""Short_Add"", ""order_action"": ""sell"", ""order_comment"": ""S_Add"", ""order_contracts"": 1, ""timestamp"": ""2026-08-18T14:55:00Z""}"
2026-08-18T23:10:15+08:00,MXF1!,-3,44540,sell,S_Add,1,Short_Add,2026-08-18T15:10:00Z,EXECUTED:success,"{""ticker"": ""MXF1!"", ""target_pos"": -3, ""signal_price"": 44540, ""order_id"": ""Short_Add"", ""order_action"": ""sell"", ""order_comment"": ""S_Add"", ""order_contracts"": 1, ""timestamp"": ""2026-08-18T15:10:00Z""}"
2026-08-19T01:35:43+08:00,MXF1!,-2,44679,buy,S_Cmd_Fast,1,Close entry(s) order Short_Cmd,2026-08-18T17:35:00Z,EXECUTED:success,"{""ticker"": ""MXF1!"", ""target_pos"": -2, ""signal_price"": 44679, ""order_id"": ""Close entry(s) order Short_Cmd"", ""order_action"": ""buy"", ""order_comment"": ""S_Cmd_Fast"", ""order_contracts"": 1, ""timestamp"": ""2026-08-18T17:35:00Z""}"
2026-08-19T08:45:09+08:00,MXF1!,-1,44482,buy,S_Exit_Add,1,S_Exit_Add,2026-08-19T00:45:00Z,EXECUTED:success,"{""ticker"": ""MXF1!"", ""target_pos"": -1, ""signal_price"": 44482, ""order_id"": ""S_Exit_Add"", ""order_action"": ""buy"", ""order_comment"": ""S_Exit_Add"", ""order_contracts"": 1, ""timestamp"": ""2026-08-19T00:45:00Z""}"
2026-08-19T08:45:13+08:00,MXF1!,0,44371,buy,S_Exit_Add,1,S_Exit_Add,2026-08-19T00:45:00Z,EXECUTED:success,"{""ticker"": ""MXF1!"", ""target_pos"": 0, ""signal_price"": 44371, ""order_id"": ""S_Exit_Add"", ""order_action"": ""buy"", ""order_comment"": ""S_Exit_Add"", ""order_contracts"": 1, ""timestamp"": ""2026-08-19T00:45:00Z""}"
2026-08-19T08:50:06+08:00,MXF1!,-1,44427,sell,S_Cmd,1,Short_Cmd,2026-08-19T00:50:00Z,EXECUTED:success,"{""ticker"": ""MXF1!"", ""target_pos"": -1, ""signal_price"": 44427, ""order_id"": ""Short_Cmd"", ""order_action"": ""sell"", ""order_comment"": ""S_Cmd"", ""order_contracts"": 1, ""timestamp"": ""2026-08-19T00:50:00Z""}"
2026-08-19T09:06:11+08:00,MXF1!,0,44542,buy,S_Exit,1,S_Exit,2026-08-19T01:05:00Z,EXECUTED:success,"{""ticker"": ""MXF1!"", ""target_pos"": 0, ""signal_price"": 44542, ""order_id"": ""S_Exit"", ""order_action"": ""buy"", ""order_comment"": ""S_Exit"", ""order_contracts"": 1, ""timestamp"": ""2026-08-19T01:05:00Z""}"
2026-08-19T12:35:31+08:00,MXF1!,-1,44582,sell,S_Cmd,1,Short_Cmd,2026-08-19T04:35:00Z,EXECUTED:warning,"{""ticker"": ""MXF1!"", ""target_pos"": -1, ""signal_price"": 44582, ""order_id"": ""Short_Cmd"", ""order_action"": ""sell"", ""order_comment"": ""S_Cmd"", ""order_contracts"": 1, ""timestamp"": ""2026-08-19T04:35:00Z""}"
2026-08-20T09:35:07+08:00,MXF1!,-1,44665,sell,S_Cmd,1,Short_Cmd,2026-08-20T01:35:00Z,EXECUTED:success,"{""ticker"": ""MXF1!"", ""target_pos"": -1, ""signal_price"": 44665, ""order_id"": ""Short_Cmd"", ""order_action"": ""sell"", ""order_comment"": ""S_Cmd"", ""order_contracts"": 1, ""timestamp"": ""2026-08-20T01:35:00Z""}"
2026-08-20T10:05:04+08:00,MXF1!,0,44844,buy,S_Cmd_Fast,1,Close entry(s) order Short_Cmd,2026-08-20T02:05:00Z,EXECUTED:success,"{""ticker"": ""MXF1!"", ""target_pos"": 0, ""signal_price"": 44844, ""order_id"": ""Close entry(s) order Short_Cmd"", ""order_action"": ""buy"", ""order_comment"": ""S_Cmd_Fast"", ""order_contracts"": 1, ""timestamp"": ""2026-08-20T02:05:00Z""}"
2026-08-20T10:55:04+08:00,MXF1!,-1,44512,sell,S_Cmd,1,Short_Cmd,2026-08-20T02:55:00Z,EXECUTED:success,"{""ticker"": ""MXF1!"", ""target_pos"": -1, ""signal_price"": 44512, ""order_id"": ""Short_Cmd"", ""order_action"": ""sell"", ""order_comment"": ""S_Cmd"", ""order_contracts"": 1, ""timestamp"": ""2026-08-20T02:55:00Z""}"
2026-08-20T12:10:04+08:00,MXF1!,0,44718,buy,S_Cmd_Fast,1,Close entry(s) order Short_Cmd,2026-08-20T04:10:00Z,EXECUTED:success,"{""ticker"": ""MXF1!"", ""target_pos"": 0, ""signal_price"": 44718, ""order_id"": ""Close entry(s) order Short_Cmd"", ""order_action"": ""buy"", ""order_comment"": ""S_Cmd_Fast"", ""order_contracts"": 1, ""timestamp"": ""2026-08-20T04:10:00Z""}"
2026-08-22T03:55:14+08:00,MXF1!,-1,45039,sell,S_Cmd,1,Short_Cmd,2026-08-21T19:55:00Z,EXECUTED:success,"{""ticker"": ""MXF1!"", ""target_pos"": -1, ""signal_price"": 45039, ""order_id"": ""Short_Cmd"", ""order_action"": ""sell"", ""order_comment"": ""S_Cmd"", ""order_contracts"": 1, ""timestamp"": ""2026-08-21T19:55:00Z""}"
2026-08-24T08:45:36+08:00,MXF1!,0,45118,buy,S_Exit,1,S_Exit,2026-08-24T00:45:00Z,EXECUTED:success,"{""ticker"": ""MXF1!"", ""target_pos"": 0, ""signal_price"": 45118, ""order_id"": ""S_Exit"", ""order_action"": ""buy"", ""order_comment"": ""S_Exit"", ""order_contracts"": 1, ""timestamp"": ""2026-08-24T00:45:00Z""}"
2026-08-24T10:00:19+08:00,MXF1!,-1,44890,sell,S_Cmd,1,Short_Cmd,2026-08-24T02:00:00Z,EXECUTED:success,"{""ticker"": ""MXF1!"", ""target_pos"": -1, ""signal_price"": 44890, ""order_id"": ""Short_Cmd"", ""order_action"": ""sell"", ""order_comment"": ""S_Cmd"", ""order_contracts"": 1, ""timestamp"": ""2026-08-24T02:00:00Z""}"
2026-08-24T10:40:06+08:00,MXF1!,0,45095,buy,S_Cmd_Fast,1,Close entry(s) order Short_Cmd,2026-08-24T02:40:00Z,EXECUTED:success,"{""ticker"": ""MXF1!"", ""target_pos"": 0, ""signal_price"": 45095, ""order_id"": ""Close entry(s) order Short_Cmd"", ""order_action"": ""buy"", ""order_comment"": ""S_Cmd_Fast"", ""order_contracts"": 1, ""timestamp"": ""2026-08-24T02:40:00Z""}"
2026-08-24T13:05:03+08:00,MXF1!,-1,44786,sell,S_Cmd,1,Short_Cmd,2026-08-24T05:05:00Z,EXECUTED:success,"{""ticker"": ""MXF1!"", ""target_pos"": -1, ""signal_price"": 44786, ""order_id"": ""Short_Cmd"", ""order_action"": ""sell"", ""order_comment"": ""S_Cmd"", ""order_contracts"": 1, ""timestamp"": ""2026-08-24T05:05:00Z""}"
2026-08-27T03:05:17+08:00,MXF1!,1,45948,buy,L_Cmd,1,Long_Cmd,2026-08-26T19:05:00Z,EXECUTED:success,"{""ticker"": ""MXF1!"", ""target_pos"": 1, ""signal_price"": 45948, ""order_id"": ""Long_Cmd"", ""order_action"": ""buy"", ""order_comment"": ""L_Cmd"", ""order_contracts"": 1, ""timestamp"": ""2026-08-26T19:05:00Z""}"
2026-08-27T03:45:19+08:00,MXF1!,0,45892,sell,L_Cmd_Fast,1,Close entry(s) order Long_Cmd,2026-08-26T19:45:00Z,EXECUTED:success,"{""ticker"": ""MXF1!"", ""target_pos"": 0, ""signal_price"": 45892, ""order_id"": ""Close entry(s) order Long_Cmd"", ""order_action"": ""sell"", ""order_comment"": ""L_Cmd_Fast"", ""order_contracts"": 1, ""timestamp"": ""2026-08-26T19:45:00Z""}"
2026-08-27T09:05:06+08:00,MXF1!,1,46263,buy,L_Cmd,1,Long_Cmd,2026-08-27T01:05:00Z,EXECUTED:success,"{""ticker"": ""MXF1!"", ""target_pos"": 1, ""signal_price"": 46263, ""order_id"": ""Long_Cmd"", ""order_action"": ""buy"", ""order_comment"": ""L_Cmd"", ""order_contracts"": 1, ""timestamp"": ""2026-08-27T01:05:00Z""}"
2026-08-27T09:50:05+08:00,MXF1!,2,46381,buy,L_Add,1,Long_Add,2026-08-27T01:50:00Z,EXECUTED:success,"{""ticker"": ""MXF1!"", ""target_pos"": 2, ""signal_price"": 46381, ""order_id"": ""Long_Add"", ""order_action"": ""buy"", ""order_comment"": ""L_Add"", ""order_contracts"": 1, ""timestamp"": ""2026-08-27T01:50:00Z""}"
2026-08-27T10:05:04+08:00,MXF1!,3,46472,buy,L_Add,1,Long_Add,2026-08-27T02:05:00Z,EXECUTED:success,"{""ticker"": ""MXF1!"", ""target_pos"": 3, ""signal_price"": 46472, ""order_id"": ""Long_Add"", ""order_action"": ""buy"", ""order_comment"": ""L_Add"", ""order_contracts"": 1, ""timestamp"": ""2026-08-27T02:05:00Z""}"
2026-08-27T10:35:01+08:00,MXF1!,4,46477,buy,L_G_進,1,Long_G,2026-08-27T02:35:00Z,EXECUTED:success,"{""ticker"": ""MXF1!"", ""target_pos"": 4, ""signal_price"": 46477, ""order_id"": ""Long_G"", ""order_action"": ""buy"", ""order_comment"": ""L_G_進"", ""order_contracts"": 1, ""timestamp"": ""2026-08-27T02:35:00Z""}"
2026-08-27T12:15:01+08:00,MXF1!,3,46296,sell,L_G_Cut,1,Close entry(s) order Long_G,2026-08-27T04:15:00Z,EXECUTED:success,"{""ticker"": ""MXF1!"", ""target_pos"": 3, ""signal_price"": 46296, ""order_id"": ""Close entry(s) order Long_G"", ""order_action"": ""sell"", ""order_comment"": ""L_G_Cut"", ""order_contracts"": 1, ""timestamp"": ""2026-08-27T04:15:00Z""}"
2026-08-27T12:30:05+08:00,MXF1!,2,46216,sell,L_Cmd_Fast,1,Close entry(s) order Long_Cmd,2026-08-27T04:30:00Z,EXECUTED:success,"{""ticker"": ""MXF1!"", ""target_pos"": 2, ""signal_price"": 46216, ""order_id"": ""Close entry(s) order Long_Cmd"", ""order_action"": ""sell"", ""order_comment"": ""L_Cmd_Fast"", ""order_contracts"": 1, ""timestamp"": ""2026-08-27T04:30:00Z""}"
2026-08-27T12:55:04+08:00,MXF1!,0,46092,sell,Trend Rev,2,Close position order,2026-08-27T04:55:00Z,EXECUTED:success,"{""ticker"": ""MXF1!"", ""target_pos"": 0, ""signal_price"": 46092, ""order_id"": ""Close position order"", ""order_action"": ""sell"", ""order_comment"": ""Trend Rev"", ""order_contracts"": 2, ""timestamp"": ""2026-08-27T04:55:00Z""}"
2026-08-27T23:55:10+08:00,MXF1!,2,46389,buy,L_Add,1,Long_Add,2026-08-27T15:55:00Z,EXECUTED:success,"{""ticker"": ""MXF1!"", ""target_pos"": 2, ""signal_price"": 46389, ""order_id"": ""Long_Add"", ""order_action"": ""buy"", ""order_comment"": ""L_Add"", ""order_contracts"": 1, ""timestamp"": ""2026-08-27T15:55:00Z""}"
2026-08-28T00:35:11+08:00,MXF1!,3,46428,buy,L_Add,1,Long_Add,2026-08-27T16:35:00Z,EXECUTED:success,"{""ticker"": ""MXF1!"", ""target_pos"": 3, ""signal_price"": 46428, ""order_id"": ""Long_Add"", ""order_action"": ""buy"", ""order_comment"": ""L_Add"", ""order_contracts"": 1, ""timestamp"": ""2026-08-27T16:35:00Z""}"
2026-08-28T00:50:02+08:00,MXF1!,4,46473,buy,L_G_進,1,Long_G,2026-08-27T16:50:00Z,EXECUTED:success,"{""ticker"": ""MXF1!"", ""target_pos"": 4, ""signal_price"": 46473, ""order_id"": ""Long_G"", ""order_action"": ""buy"", ""order_comment"": ""L_G_進"", ""order_contracts"": 1, ""timestamp"": ""2026-08-27T16:50:00Z""}"
2026-08-28T01:03:29+08:00,MXF1!,3,46537,sell,L_Exit_G,1,L_Exit_G,2026-08-27T17:00:00Z,EXECUTED:success,"{""ticker"": ""MXF1!"", ""target_pos"": 3, ""signal_price"": 46537, ""order_id"": ""L_Exit_G"", ""order_action"": ""sell"", ""order_comment"": ""L_Exit_G"", ""order_contracts"": 1, ""timestamp"": ""2026-08-27T17:00:00Z""}"
